Player,Nation,Pos,Squad,Age,Born,90s,CrdY,CrdR,2CrdY,Fls,Fld,Off,Crs,Int,TklW,PKwon,PKcon,OG,Matches
Mads Aaquist\9344895b,dk DEN,MF,Viborg,26,1994,1.1,0,0,0,5,0,0,3,3,1,,,0,Matches
Jonas Abbew\c93f728c,dk DEN,DF,Nordsjælland,19,2002,3.9,0,0,0,0,0,0,0,5,3,,,0,Matches
Francis Abu\66fb354d,gh GHA,MF,Nordsjælland,20,2001,11.3,2,1,0,17,11,0,5,11,22,,,0,Matches
Simon Adingra\4dcec659,ci CIV,FWMF,Nordsjælland,19,2002,20.1,5,0,0,30,18,14,62,9,24,,,0,Matches
Ali Adnan Kadhim\06050480,iq IRQ,DFMF,Vejle BK,27,1993,0.4,0,0,0,0,1,0,0,1,1,,,0,Matches
Mel Agnero\bc5fc7b6,ci CIV,FW,Nordsjælland,18,2003,0.4,1,0,0,4,0,0,0,0,0,,,0,Matches
Jakob Ahlmann Nielsen\3057b8b9,dk DEN,MFDF,Aalborg,30,1991,15.3,6,0,0,41,18,0,33,21,23,,,0,Matches
Raúl Albentosa\348e4809,es ESP,DF,Vejle BK,32,1988,12.4,6,1,1,5,10,2,6,27,17,,,0,Matches
Miiko Albornoz\d459281d,cl CHI,MFDF,Vejle BK,30,1990,10.9,5,0,0,13,14,2,65,20,16,,,0,Matches
Mads Albæk\06aa77a6,dk DEN,MF,SønderjyskE,31,1990,26.9,7,0,0,32,23,0,125,35,20,,,0,Matches
Wessam Haissam Abou Ali\a06467dc,dk DEN,FW,Silkeborg,22,1999,0.6,0,0,0,2,0,0,0,0,1,,,0,Matches
Alexander Ammitzbøll\0d1c3981,dk DEN,FW,AGF,22,1999,0.8,0,0,0,1,4,0,0,1,0,,,0,Matches
Akinkunmi Amoo\bc2d4118,ng NGA,MF,FC Copenhagen,19,2002,0.7,0,0,0,0,0,0,0,2,1,,,0,Matches
Daniel Andersen\ef6cc2c8,dk DEN,GK,AGF,20,2001,1,0,0,0,0,1,0,0,0,0,,,0,Matches
Lucas Andersen\bb753183,dk DEN,MF,Aalborg,26,1994,4.6,0,0,0,4,9,2,20,5,7,,,0,Matches
Mikkel Andersen\63e905bc,dk DEN,GK,Viborg,32,1988,6,0,0,0,0,0,0,0,0,0,,,0,Matches
Mikael Anderson\0a721e85,is ISL,MF,Midtjylland,23,1998,1.4,0,0,0,2,3,0,2,2,1,,,0,Matches
Mikael Anderson\0a721e85,is ISL,MF,AGF,23,1998,17.3,7,0,0,30,48,2,15,12,9,,,0,Matches
Hugo Andersson\f026e46a,se SWE,DF,Randers,22,1999,4.6,4,0,0,7,4,0,0,6,3,,,0,Matches
Joel Andersson\b5f66351,se SWE,MF,Midtjylland,24,1996,28.4,2,0,0,18,15,1,76,18,30,,,0,Matches
Mattias Andersson\f8ee1ea5,se SWE,DF,Randers,23,1998,1,0,0,0,1,0,0,0,1,1,,,0,Matches
Aske Andresen\486710d5,dk DEN,GK,Silkeborg,16,2005,1,0,0,0,0,0,0,0,0,0,,,0,Matches
Jakob Ankersen\7340cf33,dk DEN,MFFW,Randers,30,1990,16,0,0,0,15,22,8,60,10,25,,,0,Matches
Peter Ankersen\df525574,dk DEN,DF,FC Copenhagen,30,1990,22.2,3,0,0,8,39,3,103,31,24,,,0,Matches
Oliver Antman\c63d7d38,fi FIN,FWMF,Nordsjælland,19,2001,16.4,0,0,0,6,8,5,29,6,10,,,0,Matches
Daniel Anyembe\c7e3b9e9,dk DEN,DF,Viborg,23,1998,14.6,1,0,0,4,6,0,42,10,11,,,0,Matches
Hákon Arnar Haraldsson\e2ae54db,is ISL,MFFW,FC Copenhagen,18,2003,6,0,0,0,4,9,1,8,6,6,,,0,Matches
Rocco Ascone\bdf1db39,fr FRA,FW,Nordsjælland,17,2003,0,0,0,0,0,0,0,0,0,0,,,0,Matches
Yann Aurel Bisseck\3963c25b,de GER,DF,AGF,20,2000,23.5,4,0,0,16,22,0,0,47,8,,,0,Matches
Khouma Babacar\422ec08a,sn SEN,FW,FC Copenhagen,28,1993,6.3,2,0,0,4,10,7,1,1,3,,,0,Matches
Edgar Babayan\cddd2df7,am ARM,MFFW,Vejle BK,25,1995,7.6,2,0,0,9,4,3,55,4,4,,,0,Matches
Younes Bakiz\48ab6342,dk DEN,FW,Viborg,22,1999,21.8,3,0,0,34,55,0,24,19,24,,,0,Matches
Roony Bardghji\88ce7ddc,se SWE,MFFW,FC Copenhagen,15,2005,8.2,1,0,0,10,8,4,1,1,7,,,0,Matches
Atli Barkarson\5a91853f,is ISL,MFDF,SønderjyskE,20,2001,4.9,1,0,0,3,1,1,8,7,4,,,0,Matches
Tobias Bech\eb6f92e8,dk DEN,FW,Viborg,19,2002,19.5,6,0,0,18,11,6,35,10,20,,,0,Matches
Asker Beck\b2707d24,,MF,AGF,,,0,0,0,0,0,0,0,0,1,1,,,0,Matches
Joe Bell\7825847e,nz NZL,MF,Brøndby,22,1999,12.2,2,0,0,11,7,0,55,19,25,,,0,Matches
Anis Ben Slimane\9ade9ce1,tn TUN,MFFW,Brøndby,20,2001,27.6,6,0,0,43,29,2,14,25,45,,,0,Matches
Pierre Bengtsson\d1992a3b,se SWE,DFMF,FC Copenhagen,33,1988,0.4,0,0,0,1,2,0,1,0,0,,,0,Matches
Lasse Berg Johnsen\a0b95824,no NOR,MF,Randers,21,1999,30.1,4,0,0,27,25,0,15,38,52,,,0,Matches
Sofus Berger Brix\c6e9b36b,dk DEN,MF,Viborg,18,2003,4.3,1,0,0,13,4,0,4,0,3,,,0,Matches
Emil Berggreen\8be4fd6a,dk DEN,FW,SønderjyskE,28,1993,4,2,1,1,6,4,1,1,0,0,,,0,Matches
Victor Bernth Kristiansen\505486d6,dk DEN,DF,FC Copenhagen,18,2002,18.4,2,0,0,12,8,1,61,20,22,,,0,Matches
Mads Bidstrup\407db0d5,dk DEN,MF,Nordsjælland,20,2001,11.5,3,0,0,23,19,0,4,25,23,,,0,Matches
Pep Biel\1c59240b,es ESP,MFFW,FC Copenhagen,24,1996,28.9,3,0,0,27,23,3,169,16,21,,,0,Matches
Carl Björk\3b2bdc7e,se SWE,FW,Brøndby,21,2000,3.6,1,0,0,5,8,0,1,2,1,,,0,Matches
Peter Bjur\7c962fda,dk DEN,MF,Brøndby,21,2000,0.3,0,0,0,0,0,1,1,0,0,,,0,Matches
Nicolai Boilesen\08fe932d,dk DEN,DF,FC Copenhagen,29,1992,24.1,5,1,0,9,6,0,9,27,9,,,0,Matches
Jakob Bonde\0effaa3b,dk DEN,MF,Viborg,27,1993,27.8,6,0,0,29,19,4,19,31,25,,,0,Matches
Frederik Brandhof\c2af37df,dk DEN,MF,AGF,25,1996,19.1,6,0,0,33,36,0,23,21,22,,,1,Matches
Mathias Brems\3c7abd19,dk DEN,DF,Odense,19,2002,0.2,0,0,0,1,0,0,0,0,0,,,0,Matches
Jakob Breum\31c61ac7,dk DEN,MFFW,Odense,17,2003,9.3,0,0,0,6,19,2,16,5,13,,,0,Matches
Mark Brink\ae149bdb,dk DEN,MF,Silkeborg,23,1998,29.7,0,0,0,12,31,0,12,42,25,,,0,Matches
Nicolai Brock-Madsen\0443d045,dk DEN,FW,Randers,28,1993,6.3,2,0,0,20,6,6,0,1,3,,,0,Matches
Júnior Brumado\bccc1bb4,br BRA,FWMF,Midtjylland,22,1999,15.5,6,1,0,34,17,10,3,8,12,,,0,Matches
Alexander Brunst\99219195,de GER,GK,Vejle BK,26,1995,21,0,0,0,0,3,0,0,0,0,,,0,Matches
Andreas Bruus\b088d5d3,dk DEN,MFDF,Brøndby,22,1999,25,5,0,0,16,12,2,132,19,15,,,0,Matches
Filip Bundgaard\ab42610c,dk DEN,MF,Randers,17,2004,2.9,2,0,0,6,7,2,7,6,7,,,0,Matches
Oliver Bundgaard\46a51ca7,dk DEN,DF,Randers,20,2001,20.2,1,0,0,23,14,1,68,35,38,,,0,Matches
Mustapha Bundu\9d50bfd3,sl SLE,FWMF,AGF,24,1997,16.7,1,0,0,13,11,11,66,8,8,,,0,Matches
Nicolas Bürgy\a4851d9e,ch SUI,DF,Viborg,25,1995,14,2,0,0,5,6,0,2,12,11,,,0,Matches
Alexander Busch\de664c71,dk DEN,DF,Silkeborg,18,2003,1.1,0,0,0,1,0,0,0,1,1,,,0,Matches
Tobias Børkeeiet\2d54d501,no NOR,DFMF,Brøndby,22,1999,4.6,2,0,0,2,1,0,0,5,1,,,0,Matches
Frederik Børsting\fd957a77,dk DEN,MFDF,Aalborg,26,1995,9.2,3,0,0,14,18,1,37,13,14,,,0,Matches
Jens Cajuste\928a4a61,se SWE,MF,Midtjylland,21,1999,2.7,0,0,0,2,6,0,1,3,3,,,0,Matches
André Calisir\b33fa7ce,am ARM,DF,Silkeborg,31,1990,15.2,6,0,0,17,11,0,0,34,15,,,0,Matches
Christian Cappis\25ef5b47,us USA,MF,Brøndby,21,1999,11.8,2,0,0,14,14,0,13,12,20,,,0,Matches
Patrik Carlgren\168c50c5,se SWE,GK,Randers,29,1992,32,2,0,0,0,7,0,0,2,1,,,0,Matches
Frederik Carstensen\d3f4537d,dk DEN,FW,Silkeborg,19,2002,0.3,0,0,0,0,0,0,0,0,0,,,0,Matches
Rasmus Carstensen\64d7f629,dk DEN,DF,Silkeborg,20,2000,30.2,3,0,0,40,31,8,136,31,44,,,0,Matches
Edward Chilufya\b7b27de0,zm ZAM,FWMF,Midtjylland,21,1999,7.5,0,0,0,5,4,3,11,2,3,,,0,Matches
Frederik Christensen\a112ab29,dk DEN,FW,Viborg,26,1995,0,0,0,0,0,0,0,0,0,1,,,0,Matches
Jacob Christensen\324ff0da,dk DEN,MF,Nordsjælland,20,2001,16,1,0,0,22,8,0,14,22,25,,,0,Matches
Magnus Christensen\f3357915,dk DEN,MF,Aalborg,23,1997,9.2,5,0,0,16,5,0,2,15,17,,,0,Matches
Oliver Christensen\af104654,dk DEN,GK,Odense,22,1999,6,0,0,0,0,1,0,0,0,0,,,0,Matches
Hans Christian Bernat\e49bda8e,dk DEN,GK,Odense,20,2000,26,1,0,0,0,7,0,0,0,0,,,0,Matches
Peter Christiansen\ffe0853e,dk DEN,FW,SønderjyskE,21,1999,11.5,4,0,0,21,20,5,6,9,12,,,0,Matches
Viktor Claesson\b3a712de,se SWE,FWMF,FC Copenhagen,29,1992,8.2,0,0,0,4,10,2,5,6,8,,,0,Matches
Dion Cools\0331786b,my MAS,DFMF,Midtjylland,25,1996,4.6,0,0,0,2,4,0,3,7,6,,,0,Matches
Rezan Corlu\d171dc98,dk DEN,MF,Brøndby,23,1997,1.1,0,0,0,2,0,0,4,1,2,,,0,Matches
Lasso Coulibaly\78310540,gh GHA,FWMF,Nordsjælland,18,2002,13.7,4,1,0,37,16,10,14,8,17,,,1,Matches
Kevin Custovic\c79a24ce,se SWE,MF,Vejle BK,21,2000,3.4,0,0,0,2,2,0,4,6,3,,,0,Matches
Anthony D'Alberto\98684b0c,be BEL,DFMF,AGF,26,1994,13.9,2,0,0,7,5,1,30,22,12,,,0,Matches
Adam Daghim\17f9da8a,,MF,AGF,,,0.7,2,0,0,3,0,1,3,3,1,,,0,Matches
Jón Dagur Þorsteinsson\474beb8b,is ISL,FWMF,AGF,22,1998,18.4,8,0,0,24,33,9,135,4,16,,,0,Matches
Robin Dahl Østrøm\4ab66aa2,no NOR,DF,Odense,18,2002,7.3,0,0,0,10,1,0,8,9,9,,,0,Matches
Gustav Dahl\afd2c53a,dk DEN,DF,Silkeborg,25,1996,9.9,2,0,0,11,2,0,19,14,17,,,0,Matches
Marc Dal Hende\1404b749,dk DEN,DFMF,SønderjyskE,30,1990,29.1,4,0,0,22,18,1,78,36,45,,,0,Matches
Eskild Dall\f64253a3,dk DEN,FW,AGF,18,2003,0,0,0,0,0,0,0,0,0,0,,,0,Matches
Henrik Dalsgaard\563cbac0,dk DEN,DF,Midtjylland,32,1989,26.9,3,0,0,25,33,2,32,31,17,,,1,Matches
Mohammed Daramy\06a1d642,dk DEN,MFFW,FC Copenhagen,19,2002,4.8,0,0,0,2,12,0,7,3,8,,,0,Matches
Viljormur Davidsen\ab7c9060,fo FRO,DF,Vejle BK,30,1991,9.6,1,0,0,3,3,1,26,8,5,,,0,Matches
Kellian van der Kaap\955aecc5,nl NED,DF,Viborg,22,1998,0.4,0,0,0,0,0,0,0,0,3,,,0,Matches
Frans Dhia Putros\0102aa7e,iq IRQ,DF,Viborg,28,1993,17.3,7,0,0,40,16,1,39,26,28,,,0,Matches
Kevin Diks\f179ee11,nl NED,DF,FC Copenhagen,24,1996,21.7,6,1,1,27,17,3,45,26,26,,,0,Matches
Mohammed Diomande\663629ae,ci CIV,MF,Nordsjælland,19,2001,16.7,7,0,0,21,31,2,14,14,13,,,0,Matches
Marko Divkovic\807cb743,hr CRO,FW,Brøndby,22,1999,14.6,3,0,0,10,29,3,45,7,8,,,0,Matches
Dominic\a3ab54b8,br BRA,FW,Vejle BK,26,1995,0.1,0,0,0,2,0,0,0,0,0,,,0,Matches
Mouhamadou Drammeh\309937e7,fr FRA,MF,Vejle BK,22,1999,14.8,3,0,0,17,24,0,9,27,11,,,0,Matches
Anders Dreyer\c6486b01,dk DEN,FW,Midtjylland,23,1998,15.1,0,0,0,5,6,4,58,6,4,,,0,Matches
Zach Duncan\5e2b88fa,au AUS,MF,AGF,21,2000,2.1,0,0,0,6,2,0,0,3,0,,,0,Matches
Nikolas Dyhr\0b243559,dk DEN,MF,Midtjylland,20,2001,15.2,1,0,0,9,19,0,42,15,17,,,0,Matches
Mads Døhr Thychosen\29e298a8,dk DEN,DF,Nordsjælland,24,1997,15.7,3,0,0,7,18,0,11,18,8,,,1,Matches
Mads Døhr Thychosen\29e298a8,dk DEN,DFMF,Midtjylland,24,1997,10.3,1,0,0,5,8,1,4,10,12,,,0,Matches
Marvin Egho\7764b2fc,at AUT,FW,Randers,27,1994,5.8,1,0,0,12,6,3,1,5,3,,,0,Matches
Anosike Ementa\fbe39f7e,dk DEN,FW,Aalborg,19,2002,1.3,1,0,0,9,0,0,0,1,1,,,0,Matches
Dimitrios Emmanouilidis\5ac5fcab,gr GRE,FWMF,Vejle BK,20,2000,10.8,1,0,0,5,10,8,33,1,5,,,0,Matches
Lukas Engel\aedaf328,dk DEN,DF,Silkeborg,22,1998,13.8,1,0,0,10,8,1,41,13,17,,,0,Matches
Lukas Engel\aedaf328,dk DEN,MFFW,Vejle BK,22,1998,9.6,1,0,0,2,4,4,28,15,11,,,0,Matches
Mads Enggaard\f95dc7a4,dk DEN,MF,Randers,17,2004,1.6,0,0,0,3,1,0,1,1,4,,,0,Matches
Julius Eskesen\35753f28,dk DEN,MFFW,SønderjyskE,22,1999,6.5,0,0,0,4,8,0,8,9,7,,,0,Matches
Evander\4352d221,br BRA,MF,Midtjylland,23,1998,26,2,1,0,25,31,5,107,33,41,,,0,Matches
Saeid Ezatolahi\314d95ac,ir IRN,MF,Vejle BK,24,1996,10,5,0,0,22,8,0,6,19,14,,,0,Matches
Wahidullah Faghir\93c9e7d9,dk DEN,FW,Vejle BK,18,2003,7,2,0,0,3,14,1,0,0,2,,,0,Matches
Rasmus Falk\762179d9,dk DEN,MF,FC Copenhagen,29,1992,20.2,3,0,0,10,33,1,12,54,23,,,0,Matches
Oskar Fallenius\7004c558,se SWE,FW,Brøndby,19,2001,0.3,0,0,0,0,0,0,0,1,1,,,0,Matches
Andri Fannar Baldursson\61f2f56a,is ISL,MF,FC Copenhagen,19,2002,0.5,1,0,0,2,1,0,0,1,1,,,0,Matches
Joel Felix\b644e40d,dk DEN,DF,Silkeborg,23,1998,15.8,2,0,0,9,3,0,1,28,17,,,0,Matches
Max Fenger\c39080f7,dk DEN,FWMF,Odense,19,2001,18.2,0,0,0,21,27,4,1,5,10,,,0,Matches
Pedro Ferreira\fb39d792,pt POR,MF,Aalborg,23,1998,13.3,9,1,1,31,8,0,9,41,24,,,0,Matches
Bård Finne\78699620,no NOR,FWMF,SønderjyskE,26,1995,0,0,0,0,0,0,0,0,1,0,,,0,Matches
Nicolai Flø\ef0ea1ab,dk DEN,GK,SønderjyskE,25,1995,8,0,0,0,0,0,0,0,0,0,,,0,Matches
Adama Fofana\1754914f,ci CIV,MF,Vejle BK,20,2001,0,0,0,0,0,0,0,0,0,0,,,0,Matches
Iver Fossum\ce218223,no NOR,MF,Aalborg,25,1996,28.7,1,1,0,21,15,9,129,26,29,,,0,Matches
Oscar Fraulo\458e3479,dk DEN,MF,Midtjylland,17,2003,0.2,1,0,0,2,1,0,1,0,0,,,0,Matches
Emil Frederiksen\0639e42e,dk DEN,FWMF,SønderjyskE,20,2000,15,1,0,0,11,28,3,55,14,12,,,0,Matches
Morten Frendrup\f4d60499,dk DEN,MF,Brøndby,20,2001,13.4,1,0,0,12,20,0,2,16,35,,,0,Matches
Martin Frese\b910e9c0,dk DEN,DFMF,Nordsjælland,23,1998,22.3,5,0,0,31,26,3,145,35,26,,,0,Matches
Christian Friedrich\85615790,dk DEN,DF,Brøndby,18,2003,0,0,0,0,0,0,0,0,0,1,,,0,Matches
Mads Frøkjær-Jensen\108e44ca,dk DEN,MF,Odense,22,1999,17.8,4,0,0,22,13,2,30,12,19,,,0,Matches
Anton Gaaei\6f7d7bc2,dk DEN,FW,Viborg,18,2002,2.1,1,0,0,3,0,0,10,0,2,,,0,Matches
Ruben Gabrielsen\9e64fc85,no NOR,DF,FC Copenhagen,29,1992,2.4,0,0,0,1,2,0,0,2,1,,,0,Matches
Jose Gallegos\1141c543,us USA,MFFW,SønderjyskE,19,2001,6.9,0,0,0,6,4,0,1,2,6,,,0,Matches
Christian Gammelgaard\67c22de2,dk DEN,FW,Vejle BK,18,2003,0.3,0,0,0,0,0,0,1,0,0,,,0,Matches
Stefan Gartenmann\62f7c156,dk DEN,DF,SønderjyskE,24,1997,31,4,0,0,14,33,2,19,66,39,,,0,Matches
Alex Gersbach\494bff86,au AUS,DF,AGF,24,1997,0.4,0,0,0,1,2,0,0,1,0,,,0,Matches
Robert Gojani\65465292,se SWE,MF,Silkeborg,28,1992,16.2,1,1,0,20,20,0,23,16,25,,,0,Matches
Lorenzo Gordinho\79be9ee9,za RSA,DF,Viborg,27,1994,2.9,2,0,0,3,1,1,0,3,1,,,0,Matches
Kamil Grabara\62182b1d,pl POL,GK,FC Copenhagen,22,1999,32,3,0,0,1,4,0,0,2,0,,,0,Matches
Daniel Granli\76ccbee2,no NOR,DFMF,Aalborg,27,1994,24.1,5,0,0,19,7,0,14,48,21,,,0,Matches
Simon Graves Jensen\b1027206,dk DEN,DF,Randers,22,1999,18.6,4,1,1,11,15,0,0,27,20,,,1,Matches
Mads Greve\5c2f10f6,dk DEN,DF,Vejle BK,31,1989,1.9,0,0,0,0,3,0,0,3,2,,,0,Matches
Mathias Greve\98ca4feb,dk DEN,MFFW,Brøndby,26,1995,10.3,1,0,0,10,6,1,4,6,13,,,0,Matches
Mathias Greve\98ca4feb,dk DEN,MF,Randers,26,1995,2.7,1,0,0,3,6,0,5,3,4,,,0,Matches
Albert Gronbaek Erlykke\0da5076f,dk DEN,MFFW,AGF,20,2001,21.9,4,0,0,27,42,3,34,21,34,,,0,Matches
Jay-Roy Grot\9a8241af,nl NED,FW,Viborg,23,1998,17.7,2,0,0,28,11,9,16,11,5,,,0,Matches
Sten Grytebust\c9f11454,no NOR,GK,Vejle BK,31,1989,10,0,0,0,1,0,0,0,0,0,,,0,Matches
Jeppe Grønning\b289970e,dk DEN,MF,Viborg,30,1991,25.1,7,0,0,48,23,0,5,42,53,,,0,Matches
Sebastian Grønning\8da24e7d,dk DEN,FW,Viborg,24,1997,15.7,3,0,0,26,21,10,6,3,7,,,0,Matches
Thomas Gundelund\c29b12a0,dk DEN,DFMF,Vejle BK,19,2001,5.1,1,0,0,4,5,1,7,6,7,,,0,Matches
Eduardo Dos Santos Haesler\1b9a46d1,de GER,GK,Nordsjælland,22,1999,5,0,0,0,0,1,0,0,0,0,,,0,Matches
Anders Hagelskjær\5c550ee1,dk DEN,DF,Aalborg,24,1997,20.7,6,0,0,17,12,0,18,39,24,,,0,Matches
Lucas Hägg-Johansson\0e014062,se SWE,GK,Vejle BK,27,1994,1,0,0,0,0,0,0,0,0,0,,,0,Matches
Vito Hammershøy-Mistrati\35676d63,dk DEN,MFFW,Randers,29,1992,27.3,1,0,0,17,14,4,140,26,23,,,0,Matches
Marcus Hannesbo\f5bc3524,dk DEN,MF,Aalborg,19,2002,2.1,0,0,0,4,2,0,5,6,1,,,0,Matches
Andreas Hansen\5a98a7bd,dk DEN,GK,Nordsjælland,25,1995,15,1,0,0,0,2,0,0,0,0,,,0,Matches
Casper Hansen\c852f996,dk DEN,FW,Aalborg,19,2002,1.4,0,0,0,1,3,0,3,2,2,,,0,Matches
Jesper Hansen\a3b952f8,dk DEN,GK,AGF,36,1985,31,0,0,0,0,6,0,0,1,0,,,1,Matches
Kian Hansen\18d226a9,dk DEN,DF,Nordsjælland,32,1989,22.2,1,0,0,6,9,1,5,20,8,,,0,Matches
Mads Hansen\f04a3092,dk DEN,FWMF,Nordsjælland,19,2002,11.6,0,0,0,3,11,9,38,1,2,,,0,Matches
Mads Hansen\f04a3092,dk DEN,MF,Midtjylland,19,2002,0.8,0,0,0,1,1,0,0,0,0,,,0,Matches
Mads Hansen\9e958fe2,dk DEN,MF,SønderjyskE,20,2001,0.3,0,0,0,1,1,0,0,0,0,,,0,Matches
Hallur Hansson\15032d57,fo FRO,MFFW,Vejle BK,29,1992,6,3,0,0,8,13,0,13,7,6,,,0,Matches
Sebastian Hausner\5ba8a86b,dk DEN,DF,AGF,21,2000,20.6,6,1,1,28,13,2,2,20,13,,,0,Matches
Simon Hedlund\5e167a35,se SWE,FWMF,Brøndby,28,1993,23.9,5,0,0,26,21,12,113,13,11,,,0,Matches
Henrik Heggheim\8a3aabc1,no NOR,DF,Brøndby,20,2001,11.4,3,1,0,15,8,0,1,31,15,,,0,Matches
Nicklas Helenius\ae3d2f47,dk DEN,FW,Silkeborg,30,1991,28,2,0,0,16,31,14,7,9,11,,,0,Matches
Mads Hermansen\c924b17d,dk DEN,GK,Brøndby,21,2000,29,0,0,0,1,5,0,1,1,2,,,0,Matches
Heron\fa94d227,br BRA,DFMF,Vejle BK,20,2000,9.9,1,0,0,7,7,0,16,9,9,,,0,Matches
Lundrim Hetemi\ab803f01,dk DEN,MF,Vejle BK,21,2000,11.5,2,0,0,15,26,0,4,16,16,,,0,Matches
Malthe Hojholt\b52b9079,dk DEN,MF,Aalborg,20,2001,25.5,8,0,0,33,25,1,18,29,50,,,0,Matches
Emil Holm\c2357b65,se SWE,DFMF,SønderjyskE,21,2000,23.7,8,0,0,37,36,3,70,40,36,,,0,Matches
Martin Huldahl\d0e1ff00,dk DEN,FW,Viborg,16,2004,0.1,0,0,0,1,0,0,0,0,0,,,0,Matches
Daniel Høegh\01204d46,dk DEN,DF,Midtjylland,30,1991,16.8,3,0,0,20,12,0,0,27,13,,,0,Matches
Rasmus Højlund\491a433d,dk DEN,FW,FC Copenhagen,18,2003,3.4,1,0,0,4,1,1,0,0,0,,,0,Matches
Hans Høllsberg\1b98ca74,dk DEN,MF,Vejle BK,19,2002,8,1,0,0,10,2,0,4,15,13,,,0,Matches
Tarik Ibrahimagic\92cb1457,dk DEN,MF,Odense,20,2001,0.4,0,0,0,0,1,0,1,0,2,,,0,Matches
Frederik Ibsen\95827107,dk DEN,DF,Brøndby,21,1999,0.5,0,0,0,0,1,0,0,3,0,,,0,Matches
Frederik Ihler\91557c73,dk DEN,FW,AGF,18,2003,0.8,0,0,0,0,0,0,0,0,1,,,0,Matches
Gustav Isaksen\5715bb71,dk DEN,FWMF,Midtjylland,20,2001,21.5,0,0,0,15,50,9,54,10,7,,,0,Matches
Mihajlo Ivan?evi?\144c84e6,rs SRB,DF,Odense,22,1999,7.1,2,0,0,6,9,0,1,6,5,,,0,Matches
Jens Jakob Thomasen\0746dbd1,dk DEN,MF,Odense,25,1996,24.4,6,0,0,34,23,0,38,33,40,,,0,Matches
Manjrekar James\40676b27,ca CAN,DF,Vejle BK,27,1993,11.6,4,0,0,9,5,1,0,15,9,,,0,Matches
Alassana Jatta\43375c57,gm GAM,FW,Viborg,22,1999,6.4,0,0,0,6,3,5,1,2,4,,,0,Matches
Issam Jebali\4b751020,tn TUN,MFFW,Odense,29,1991,20.8,5,1,1,47,36,7,69,7,25,,,0,Matches
Elias Jelert\213f0daf,dk DEN,DF,FC Copenhagen,18,2003,4.9,0,0,0,2,5,1,6,6,7,,,0,Matches
Isak Jensen\471c3240,dk DEN,FWMF,SønderjyskE,17,2003,6.5,1,0,0,7,13,1,16,1,5,,,0,Matches
Lucas Jensen\157fd991,dk DEN,FW,Vejle BK,26,1994,1.2,0,0,0,1,1,0,4,1,0,,,0,Matches
Oliver Jensen\53e442e2,dk DEN,MF,Midtjylland,19,2002,0.5,0,0,0,1,0,0,1,1,1,,,0,Matches
Valdemar Jensen\cd1629bc,dk DEN,DF,FC Copenhagen,18,2003,0.2,0,0,0,1,0,0,0,1,0,,,0,Matches
Victor Jensen\706a337d,dk DEN,DF,Midtjylland,17,2003,0.5,0,0,0,1,1,0,0,2,2,,,0,Matches
Milan Jevtovi?\34bf7740,rs SRB,FW,AGF,28,1993,0,0,0,0,0,1,0,0,0,0,,,0,Matches
Ísak Jóhannesson\c16c4e3b,is ISL,MFFW,FC Copenhagen,18,2003,5.9,2,0,0,6,6,2,10,4,11,,,0,Matches
Alexander Juel Andersen\02ee8a6f,dk DEN,DF,Odense,30,1991,14.8,1,0,0,10,5,0,3,21,6,,,0,Matches
Jesper Juelsgård\28ab6d0d,dk DEN,DF,AGF,32,1989,0.8,1,0,0,1,0,0,3,2,0,,,0,Matches
Juninho\72c01cfb,br BRA,DF,Midtjylland,25,1995,13.8,1,0,0,7,11,1,1,18,25,,,0,Matches
Nicolai Jørgensen\dff19848,dk DEN,FW,FC Copenhagen,30,1991,3.8,1,0,0,5,2,4,0,2,3,,,0,Matches
Sebastian Jørgensen\d796974b,dk DEN,FWMF,Silkeborg,21,2000,26.4,1,0,0,7,16,3,68,15,13,,,0,Matches
Anders K. Jacobsen\37753247,dk DEN,FW,SønderjyskE,31,1989,4.8,1,0,0,4,1,3,1,0,0,,,0,Matches
Mads Kaalund\4136671a,dk DEN,MF,Silkeborg,24,1996,4.8,2,0,0,7,5,0,6,6,7,,,0,Matches
Joel Kabongo\3b1a8a71,dk DEN,DF,Randers,23,1998,0.1,0,0,0,0,0,0,0,0,0,,,0,Matches
Bashkim Kadrii\f6bb360b,dk DEN,FW,Odense,30,1991,15.9,1,0,0,6,6,10,23,2,4,,,0,Matches
Eric Kahl\e44381c2,se SWE,DFMF,AGF,19,2001,20.9,3,0,0,23,14,0,97,32,19,,,0,Matches
Mikkel Kallesøe\5040fb79,dk DEN,DF,Randers,24,1997,14.1,4,0,0,16,9,0,59,29,18,,,0,Matches
Alhaji Kamara\8846f47e,sl SLE,FW,Randers,27,1994,8.3,3,0,0,27,9,11,0,2,3,,,0,Matches
Pierre Kanstrup\97a63f1e,dk DEN,DF,SønderjyskE,32,1989,1.3,0,0,0,0,0,0,0,2,1,,,0,Matches
Mamoudou Karamoko\23a10591,fr FRA,MF,FC Copenhagen,22,1999,0.3,0,0,0,0,1,0,0,0,0,,,0,Matches
Tosin Kehinde\bb8eb607,ng NGA,MFFW,Randers,23,1998,23.3,4,0,0,16,25,12,71,21,32,,,0,Matches
Davit Khocholava\862fa9fb,ge GEO,DF,FC Copenhagen,28,1993,20.2,10,0,0,22,4,0,1,40,18,,,0,Matches
Joel King\33803829,au AUS,DF,Odense,20,2000,10.3,1,0,0,7,3,0,37,11,10,,,0,Matches
Anders Klynge\bef3d795,dk DEN,MFFW,Silkeborg,20,2000,20.6,0,0,0,15,13,2,32,17,29,,,0,Matches
Tobias Klysner\d18abeca,dk DEN,MFDF,Randers,20,2001,9.3,0,0,0,9,4,5,21,7,14,,,0,Matches
Troels Kløve\c26d24a3,dk DEN,MFFW,Odense,30,1990,10.9,2,0,0,15,19,0,6,15,17,,,0,Matches
Magnus Kofod Andersen\a4731ebc,dk DEN,MF,Nordsjælland,22,1999,26.7,3,0,0,21,17,1,47,26,18,,,0,Matches
Marius Kolind\74e31254,dk DEN,FW,Vejle BK,19,2002,0.5,1,0,0,1,0,0,1,0,0,,,0,Matches
Denis Kolinger\991e3719,hr CRO,DF,Vejle BK,27,1994,28.4,9,0,0,39,12,2,5,58,37,,,0,Matches
Björn Kopplin\a77b5db5,de GER,DF,Randers,32,1989,27.1,5,0,0,22,16,1,84,52,31,,,0,Matches
Emil Kornvig\35271c4d,dk DEN,MF,SønderjyskE,21,2000,15.2,4,0,0,35,34,2,15,14,15,,,0,Matches
Lars Kramer\239cbe00,nl NED,DF,Viborg,22,1999,20.3,5,2,1,22,3,0,1,23,19,,,0,Matches
Thomas Kristensen\fadf9a05,dk DEN,DF,AGF,19,2002,8.1,1,0,0,7,3,0,2,10,3,,,0,Matches
Kristófer Kristinsson\57190c2a,is ISL,FW,SønderjyskE,22,1999,7.4,1,0,0,7,16,4,0,1,7,,,0,Matches
Willy Kumado\291b879c,,DF,Nordsjælland,,,0.5,0,0,0,1,1,0,2,0,0,,,0,Matches
Dawid Kurminowski\94d166d4,pl POL,FW,AGF,22,1999,10.7,0,0,0,22,7,4,1,1,1,,,0,Matches
Kasper Kusk\e4fcb211,dk DEN,MFFW,Aalborg,29,1991,14.1,0,0,0,9,9,3,92,7,8,,,0,Matches
Mathias Kvistgaarden\49df363f,dk DEN,FW,Brøndby,19,2002,8.4,1,0,0,15,30,8,8,3,6,,,0,Matches
Kasper Larsen\d07de91d,dk DEN,DF,Odense,28,1993,21.3,5,0,0,11,7,0,1,21,3,,,0,Matches
Nicolai Larsen\49fcd7b8,dk DEN,GK,Silkeborg,30,1991,31,1,0,0,0,2,0,0,0,1,,,0,Matches
Frederik Lauenborg\5cc9caa1,dk DEN,MF,Randers,24,1997,19.7,2,0,0,19,16,0,20,51,36,,,0,Matches
Jesper Lauridsen\c5f6f7d9,dk DEN,DF,Randers,30,1991,4.8,2,0,0,4,3,1,33,8,8,,,0,Matches
Mads Lauritsen\5a5c015e,dk DEN,DF,Viborg,28,1993,26.1,8,1,1,27,11,0,0,31,19,,,0,Matches
Ryan Laursen\ce69cd83,dk DEN,DFMF,Odense,29,1992,0.5,0,0,0,1,0,0,1,0,1,,,0,Matches
Clint Leemans\66e43504,nl NED,MF,Viborg,25,1995,12.5,2,0,0,13,6,1,11,9,6,,,0,Matches
Lukas Lerager\1b82f8df,dk DEN,MF,FC Copenhagen,28,1993,23.2,7,0,0,29,21,1,17,46,28,,,0,Matches
Mart Lieder\1b21f77c,nl NED,FW,Odense,31,1990,3.6,0,0,0,5,3,2,2,1,1,,,0,Matches
Alexander Lind Rasmussen\4e014c3f,dk DEN,FW,Silkeborg,19,2002,2.6,0,0,0,1,1,0,0,2,0,,,0,Matches
Victor Lind\d2a83712,dk DEN,FW,Midtjylland,18,2003,5.7,1,0,0,12,2,2,1,7,4,,,0,Matches
Gift Links\fbfa9358,za RSA,FWMF,AGF,22,1998,10.4,2,0,0,16,23,8,51,5,11,,,0,Matches
Justin Lonwijk\9cf14be5,nl NED,MF,Viborg,21,1999,23.7,6,0,0,22,27,1,28,29,30,,,0,Matches
Jonas Lössl\939bc634,dk DEN,GK,Midtjylland,32,1989,8,0,0,0,0,0,0,0,0,0,,,0,Matches
Vágner Love\6d4d9e18,br BRA,FW,Midtjylland,37,1984,1.2,0,0,0,1,0,0,0,1,0,,,0,Matches
Lucas Lund Pedersen\20087b70,dk DEN,GK,Viborg,21,2000,26,2,0,0,2,4,0,0,1,1,,,0,Matches
Oliver Lund\e2cd47e0,dk DEN,DFMF,AGF,30,1990,17.7,6,0,0,33,29,0,40,25,28,,,0,Matches
Lucas Lykkegaard\cc5343a8,dk DEN,DF,Nordsjælland,19,2002,0.3,0,0,0,0,0,0,1,0,1,,,0,Matches
Awer Mabil\922da988,au AUS,FW,Midtjylland,25,1995,3.3,1,0,0,1,1,1,8,1,0,,,0,Matches
Nicolas Madsen\6d7e4b06,dk DEN,MF,Midtjylland,21,2000,1.8,0,0,0,1,5,0,2,6,1,,,0,Matches
Milan Makari?\e88b0189,rs SRB,FW,Aalborg,25,1995,20.4,2,0,0,14,22,17,15,1,5,,,0,Matches
Foday Manneh\790c793b,gm GAM,FW,Vejle BK,21,2000,0.1,0,0,0,1,0,0,0,0,0,,,0,Matches
Gustav Marcussen\2959525b,dk DEN,MF,Silkeborg,23,1998,0.3,0,0,0,0,0,0,0,0,0,,,0,Matches
Marrony\1dff86ec,br BRA,FW,Midtjylland,22,1999,2.3,1,0,0,2,1,0,0,3,4,,,0,Matches
Jens Martin Gammelby\b648463f,dk DEN,MF,Brøndby,26,1995,3.2,0,0,0,2,0,1,12,0,0,,,0,Matches
Erik Marxen\8db2c33b,dk DEN,DF,Randers,30,1990,9.8,1,0,0,5,5,0,28,9,5,,,0,Matches
Erik Marxen\8db2c33b,dk DEN,DF,Nordsjælland,30,1990,6.8,0,0,0,1,0,0,0,12,2,,,0,Matches
Pelle Mattsson\8769d39d,dk DEN,MF,Silkeborg,19,2001,2.2,0,0,0,6,0,0,0,5,6,,,0,Matches
Andreas Maxsø\52fdf512,dk DEN,DF,Brøndby,27,1994,26.1,3,1,0,15,19,1,1,37,12,,,0,Matches
Oscar Meedom\a6579234,dk DEN,FW,Aalborg,15,2005,0,0,0,0,0,0,0,0,0,0,,,0,Matches
Jeff Mensah\bbeb2695,dk DEN,FW,Viborg,28,1992,2.1,1,0,0,3,2,0,5,0,2,,,0,Matches
Kevin Mensah\7d06360d,dk DEN,MFDF,Brøndby,30,1991,19.4,2,0,0,15,10,1,59,14,24,,,0,Matches
Max Meyer\eba42d2b,de GER,MF,Midtjylland,25,1995,2.8,0,0,0,0,5,0,1,8,3,,,0,Matches
Thomas Mikkelsen\d0d98611,dk DEN,GK,Brøndby,37,1983,3,0,0,0,0,0,0,0,0,0,,,0,Matches
Patrick Mortensen\f95cb908,dk DEN,FW,AGF,32,1989,22.8,5,0,0,32,25,6,1,3,2,,,0,Matches
Faris Moumbagna\58aae0a9,cm CMR,FW,SønderjyskE,21,2000,3.7,2,0,0,6,9,6,3,0,1,,,0,Matches
Victor Mpindi\a719c1ea,cm CMR,MF,SønderjyskE,24,1997,14.6,4,0,0,13,21,1,6,22,19,,,0,Matches
Arbnor Mucolli\4a010ff6,al ALB,MFFW,Vejle BK,21,1999,23,8,1,1,32,60,7,67,4,27,,,0,Matches
Paul Mukairu\dbfbdf06,ng NGA,MFFW,FC Copenhagen,21,2000,6.9,1,0,0,8,8,3,4,9,15,,,0,Matches
Alexander Munksgaard\5155fe21,dk DEN,DF,AGF,23,1997,12.4,2,0,0,15,14,0,40,14,13,,,0,Matches
Tobias Mølgaard\3935715a,dk DEN,MFDF,Vejle BK,25,1996,21.8,3,0,0,28,12,1,73,27,29,,,0,Matches
Adamo Nagalo\1e1f3918,ci CIV,DF,Nordsjælland,18,2002,22.5,3,1,0,27,12,1,3,24,20,,,0,Matches
Marokhy Ndione\227691ea,se SWE,FW,Viborg,21,1999,0.6,0,0,0,3,1,0,0,0,0,,,0,Matches
Victor Nelsson\e53b5534,dk DEN,DF,FC Copenhagen,22,1998,1,1,0,0,0,2,0,0,2,2,,,0,Matches
Rasmus Nicolaisen\3f319bb9,dk DEN,DF,Midtjylland,24,1997,1.3,1,0,0,1,2,0,0,2,0,,,0,Matches
Oliver Nielsen\e97adead,dk DEN,DF,Vejle BK,18,2003,3.5,0,0,0,1,1,0,0,8,5,,,0,Matches
Emeka Nnamani\01ee9593,dk DEN,FW,Nordsjælland,19,2001,0.4,2,0,0,1,2,0,1,0,0,,,0,Matches
Anders Noshe\446a085a,dk DEN,FW,Aalborg,15,2006,0,0,0,0,0,0,0,0,0,0,,,0,Matches
Ernest Nuamah\234a703c,gh GHA,FW,Nordsjælland,17,2003,2.2,1,0,0,5,6,1,5,0,3,,,0,Matches
Raphael Nwadike\751a0fb5,ng NGA,MF,Midtjylland,20,2001,28.2,7,0,0,64,32,1,4,31,44,,,0,Matches
Benjamin Nygren\d6ebf67f,se SWE,FWMF,Nordsjælland,20,2001,7.1,3,0,0,10,8,1,9,1,1,,,0,Matches
Stephen Odey\6a479195,ng NGA,FW,Randers,23,1998,20.2,2,1,0,20,24,14,20,6,11,,,0,Matches
Ebenezer Ofori\a5d77c4e,gh GHA,MF,Vejle BK,26,1995,10.6,3,0,0,12,3,0,1,13,12,,,0,Matches
Andreas Oggesen\c6940c2e,dk DEN,MF,Silkeborg,27,1994,8.4,0,0,0,5,3,1,10,9,8,,,0,Matches
Emmanuel Ogura\b5528788,gh GHA,GK,Nordsjælland,19,2002,7,1,0,0,0,2,0,0,1,0,,,0,Matches
Marios Oikonomou\3b9858f5,gr GRE,DF,FC Copenhagen,28,1992,1.2,0,0,0,2,0,1,0,3,2,,,0,Matches
Rilwan Olanrewaju Hassan\932c9313,ng NGA,FWMF,SønderjyskE,30,1991,12.7,3,0,0,16,17,1,7,5,18,,,0,Matches
Patrick Olsen\29c9b554,dk DEN,MFFW,AGF,27,1994,9.7,0,0,0,9,8,0,52,15,8,,,0,Matches
Vincent Onovo\b0a8d967,ng NGA,MF,Randers,25,1995,2.7,0,0,0,3,2,0,0,2,2,,,0,Matches
Jerome Opoku\091d6ee5,eng ENG,DF,Vejle BK,22,1998,17,6,1,1,16,14,0,10,24,14,,,0,Matches
Moses Opondo\9049ebe8,ug UGA,MFFW,Odense,23,1997,4.2,0,0,0,4,4,1,3,4,5,,,0,Matches
David Ousted\28269907,dk DEN,GK,Midtjylland,36,1985,10.1,1,0,0,0,1,0,0,0,0,,,0,Matches
Kristoffer Pallesen\4000cb57,dk DEN,MFDF,Aalborg,31,1990,28.5,8,0,0,31,23,6,115,15,24,,,0,Matches
Paulinho\f3fa599d,br BRA,MFDF,Midtjylland,26,1995,16.9,5,0,0,13,14,2,52,21,18,,,0,Matches
Andrija Pavlovi?\f0e3b343,rs SRB,FW,Brøndby,27,1993,5.3,1,0,0,6,7,9,1,0,2,,,0,Matches
Andreas Pedersen\504a7cfa,dk DEN,FW,Nordsjælland,18,2003,1.6,1,0,0,3,2,1,0,0,0,,,0,Matches
Brandon Pierrick\9a526299,eng ENG,MF,Vejle BK,19,2001,0.4,0,0,0,0,0,0,1,1,1,,,0,Matches
Simon Piesinger\a7fb1a06,at AUT,DF,Randers,29,1992,29.1,7,0,0,27,3,0,6,65,33,,,0,Matches
Andrés Ponce\d9600938,ve VEN,FW,Vejle BK,24,1996,13.2,1,0,0,23,14,6,1,4,9,,,0,Matches
Nicolai Poulsen\661116ba,dk DEN,MF,AGF,27,1993,24.7,11,0,0,48,32,2,8,41,44,,,0,Matches
Tim Prica\d646e08c,se SWE,FW,Aalborg,19,2002,5.4,0,0,0,14,2,4,14,0,0,,,0,Matches
Vladimir Prijovi?\11557b01,rs SRB,DF,Aalborg,19,2002,0.3,0,0,0,1,0,0,0,0,1,,,0,Matches
Louka Prip\6447d49f,dk DEN,MFFW,Aalborg,24,1997,27.7,0,0,0,11,57,6,117,13,15,,,0,Matches
Dániel Prosser\1c2ce1ea,hu HUN,FWMF,SønderjyskE,27,1994,6.3,0,0,0,4,8,3,11,3,4,,,0,Matches
Andreas Pyndt Andersen\17e8b732,dk DEN,MF,Brøndby,20,2001,0.2,0,0,0,2,0,0,1,0,0,,,0,Matches
Josip Radoševi?\6afcaaa3,hr CRO,MF,Brøndby,27,1994,23,3,1,0,23,11,0,60,33,61,,,0,Matches
Elías Rafn Ólafsson\99047b00,is ISL,GK,Midtjylland,21,2000,13.9,1,0,0,0,3,0,0,0,0,,,0,Matches
Søren Reese\816af57d,dk DEN,DF,SønderjyskE,28,1993,5.6,1,0,0,3,10,0,0,10,2,,,0,Matches
Charles Rigon Matos\6ff91a3a,br BRA,MFFW,Midtjylland,25,1996,10.2,4,0,0,16,5,1,3,20,17,,,0,Matches
Jacob Rinne\09d131ed,se SWE,GK,Aalborg,28,1993,32,1,0,0,1,1,0,0,0,0,,,0,Matches
Blas Riveros\87d8b5a3,py PAR,DFMF,Brøndby,23,1998,14.6,0,0,0,3,17,0,44,19,13,,,0,Matches
Oliver Rose-Villadsen\cc8165ec,dk DEN,DFMF,Nordsjælland,19,2001,29.5,2,0,0,17,23,2,91,44,19,,,0,Matches
Mathias Ross\549d4e3e,dk DEN,DF,Aalborg,20,2001,21.8,10,1,1,26,20,1,4,25,34,,,0,Matches
Oliver Ross\9d4303f7,dk DEN,MF,Aalborg,16,2004,3.2,2,0,0,7,8,0,4,4,7,,,0,Matches
Sigurd Rosted\5777eca0,no NOR,DF,Brøndby,27,1994,23.5,8,0,0,15,17,0,2,30,13,,,0,Matches
Rufo\00174fb2,es ESP,MFFW,Aalborg,28,1993,1.8,1,0,0,4,5,0,3,0,4,,,0,Matches
Nicklas Røjkjær\0d938ef6,dk DEN,DF,Silkeborg,23,1998,2.3,0,0,0,1,2,0,2,1,2,,,0,Matches
Look Saa Mickelson\d5088b9a,no NOR,DF,Odense,22,1999,22.9,2,0,0,20,36,0,63,30,20,,,0,Matches
Emmanuel Sabbi\2e1b7c83,us USA,MF,Odense,23,1997,24,6,0,0,35,75,7,40,22,23,,,0,Matches
Ibrahim Sadiq\9200d432,gh GHA,MFFW,Nordsjælland,21,2000,2,1,0,0,5,5,0,0,0,1,,,0,Matches
Valdemar Sadrifar\d00fee0b,ir IRN,FW,Vejle BK,20,2001,0.1,0,0,0,2,0,0,0,0,1,,,0,Matches
Ibrahim Said\1815ae03,ng NGA,FW,Viborg,19,2002,5.8,2,0,0,6,6,0,8,2,4,,,0,Matches
Yousef Salech\4cf80d1d,dk DEN,FW,Brøndby,19,2002,0.3,1,0,0,1,0,0,1,0,0,,,0,Matches
Tobias Salquist\4467ad95,dk DEN,DF,Silkeborg,26,1995,31.9,2,0,0,10,17,0,1,45,21,,,0,Matches
Bubacarr Sanneh\586b19eb,gm GAM,DF,SønderjyskE,26,1994,6.1,0,0,0,4,3,1,2,3,0,,,0,Matches
Andreas Schjelderup\a427724f,no NOR,FWMF,Nordsjælland,17,2004,15.1,2,0,0,9,29,1,18,4,18,,,0,Matches
Philipp Schmiedl\68f0287a,at AUT,DF,SønderjyskE,24,1997,0.2,0,0,0,0,0,0,0,0,0,,,0,Matches
Jacob Schoop\17eb6b55,dk DEN,MF,Vejle BK,32,1988,8,1,0,0,5,4,0,8,12,8,,,0,Matches
Robin Schouten\12dc7025,nl NED,MF,SønderjyskE,23,1998,1,0,0,0,2,0,0,4,1,1,,,0,Matches
Alexander Simmelhack\7cbd9f32,dk DEN,FW,Randers,15,2005,0.3,0,0,0,0,0,0,0,0,0,,,0,Matches
Ayo Simon Okosun\9e8e1a60,dk DEN,MF,Odense,28,1993,12.3,4,0,0,27,16,0,0,25,23,,,0,Matches
Jeppe Simonsen\6c3d5243,ht HAI,FWDF,SønderjyskE,25,1995,8.9,2,0,0,8,6,2,14,10,13,,,0,Matches
Doguhan Simsir\f91fa277,dk DEN,FW,Midtjylland,19,2002,0.2,0,0,0,0,1,0,0,0,1,,,0,Matches
Jagvir Singh Sidhu\ddc5a43e,dk DEN,FW,Brøndby,20,2001,0.4,1,0,0,2,0,0,0,0,0,,,0,Matches
Luther Singh\e4377b65,za RSA,FWMF,FC Copenhagen,23,1997,0.7,0,0,0,2,1,0,3,0,0,,,0,Matches
Pione Sisto\fd9c4805,dk DEN,FWMF,Midtjylland,26,1995,15.8,3,0,0,5,43,0,40,3,5,,,0,Matches
Anton Skipper\9430626a,dk DEN,DFMF,Brøndby,21,2000,3.3,1,0,0,2,0,0,0,6,3,,,0,Matches
Jørgen Skjelvik\7bfd96fd,no NOR,DF,Odense,30,1991,24,1,0,0,11,6,2,103,25,21,,,0,Matches
Tobias Slotsager\a20b6f5e,dk DEN,DF,Odense,15,2006,0.1,0,0,0,0,0,0,0,0,0,,,0,Matches
Oliver Sonne\b66b8d5e,dk DEN,DF,Silkeborg,20,2000,8.5,1,0,0,5,7,3,19,12,12,,,0,Matches
Maxime Soulas\49a26a39,fr FRA,DF,SønderjyskE,22,1999,9.6,3,0,0,12,0,0,1,16,23,,,0,Matches
Allan Sousa\0bc03d9f,br BRA,FWMF,Vejle BK,24,1997,24.4,8,0,0,28,81,17,137,21,14,,,0,Matches
Jens Stage\1fffae99,dk DEN,MF,FC Copenhagen,24,1996,19,4,0,0,33,12,8,14,21,19,,,1,Matches
Orri Steinn Óskarsson\d0b8e745,is ISL,FW,FC Copenhagen,16,2004,0.2,0,0,0,0,0,0,0,0,0,,,0,Matches
Sander Svendsen\da60fd2a,no NOR,MF,Odense,23,1997,7.4,0,0,0,6,1,1,10,1,4,,,0,Matches
Daniel Svensson\124c9382,se SWE,DFMF,Nordsjælland,19,2002,11.4,1,0,0,11,9,1,21,14,11,,,0,Matches
Erik Sviatchenko\9614b550,dk DEN,DF,Midtjylland,29,1991,21,4,0,0,24,17,3,1,36,15,,,0,Matches
Mads Søndergaard\ee6cff70,dk DEN,MF,Viborg,18,2002,1.1,0,0,0,2,2,0,0,2,2,,,0,Matches
Christian Sørensen\c8829a58,dk DEN,DF,Viborg,28,1992,32,4,0,0,18,27,1,359,32,33,,,0,Matches
Abdulrahman Taiwo\798ecc4d,ng NGA,FW,SønderjyskE,22,1998,10.2,3,0,0,27,11,7,2,2,2,,,0,Matches
Duplexe Tchamba\75926036,cm CMR,DF,SønderjyskE,23,1998,21.2,2,0,0,15,8,2,7,37,19,,,1,Matches
Søren Tengstedt\3476496c,dk DEN,FW,AGF,21,2000,0.2,1,0,0,1,0,0,0,0,2,,,0,Matches
Søren Tengstedt\3476496c,dk DEN,FW,Silkeborg,21,2000,3.5,0,0,0,3,1,0,3,3,3,,,0,Matches
Rasmus Thelander\c4cf42db,dk DEN,DF,Aalborg,30,1991,27,5,1,0,30,19,4,1,30,10,,,0,Matches
Lawrence Thomas\14667592,au AUS,GK,SønderjyskE,29,1992,24,0,0,0,0,0,0,0,0,0,,,0,Matches
Nicolaj Thomsen\e2bf2abc,dk DEN,MF,SønderjyskE,28,1993,10.4,2,1,1,10,0,0,35,6,7,,,0,Matches
Simon Tibbling\5f8aecce,se SWE,MF,Randers,26,1994,13,6,0,0,13,15,3,65,8,11,,,0,Matches
Frederik Tingager\41a6985e,dk DEN,DF,AGF,28,1993,17.5,2,0,0,11,9,0,0,23,9,,,0,Matches
Victor Torp\e8cc2cbb,dk DEN,MF,Midtjylland,22,1999,0.1,0,0,0,0,0,0,0,0,0,,,0,Matches
Aleksandar Trajkovski\84bba8b6,mk MKD,FW,Aalborg,28,1992,3.1,0,0,0,4,3,1,6,1,1,,,0,Matches
Kevin Tshiembe\fdae8b47,dk DEN,DF,Brøndby,24,1997,16.5,3,0,0,15,18,0,1,34,20,,,0,Matches
Jeppe Tverskov\898b9fd1,dk DEN,DFMF,Odense,28,1993,25,4,0,0,8,22,0,5,47,26,,,0,Matches
Mikael Uhre\be84c466,dk DEN,FW,Brøndby,26,1994,13.3,1,0,0,16,20,12,15,0,4,,,0,Matches
Nicolai Vallys\d40fd89d,dk DEN,FWMF,Silkeborg,24,1996,31,3,0,0,22,22,6,44,16,20,,,0,Matches
Denis Vavro\08990838,sk SVK,DF,FC Copenhagen,25,1996,14,4,0,0,7,5,0,6,24,6,,,0,Matches
William Vick\731302dc,dk DEN,MFFW,FC Copenhagen,18,2003,14.1,0,0,0,5,19,6,13,13,18,,,0,Matches
Peter Vindahl Jensen\7b433ed0,dk DEN,GK,Nordsjælland,23,1998,5,0,0,0,0,2,0,0,0,0,,,0,Matches
Rasmus Vinderslev\4429b651,dk DEN,MFDF,SønderjyskE,23,1997,13.9,0,0,0,13,15,0,12,13,15,,,0,Matches
Kasper Waarst Høgh\a99ea089,dk DEN,FWMF,Aalborg,20,2000,6.5,1,0,0,14,6,7,1,1,1,,,0,Matches
Leo Walta\a0d23533,fi FIN,MF,Nordsjælland,18,2003,4.4,2,0,0,7,5,0,25,5,8,,,0,Matches
Rasmus Wikström\1f050b89,se SWE,DF,Brøndby,20,2001,0.1,0,0,0,0,0,0,0,1,0,,,0,Matches
Kamil Wilczek\8513b4e6,pl POL,FW,FC Copenhagen,33,1988,3.2,0,0,0,5,0,2,1,0,2,,,0,Matches
Jack Wilshere\9c318325,eng ENG,MF,AGF,29,1992,7.8,3,0,0,10,14,0,38,9,4,,,0,Matches
Jonas Wind\2077ae86,dk DEN,FW,FC Copenhagen,22,1999,14.4,3,0,0,20,27,4,5,1,4,,,0,Matches
Maxwell Woledzi\2b8798a6,gh GHA,DF,Nordsjælland,20,2001,6.2,2,0,0,7,0,0,1,15,2,,,0,Matches
Arthur Yamga\77f55dd8,cm CMR,DF,Vejle BK,24,1996,5.6,1,0,0,4,9,0,16,9,8,,,0,Matches
Jan Žamb?rek\395880a4,cz CZE,MF,Viborg,20,2001,3.9,3,0,0,10,7,1,4,1,3,,,0,Matches
Zeca\f15b778f,gr GRE,MF,FC Copenhagen,32,1988,10.1,4,0,0,9,12,0,1,20,26,,,0,Matches
Guðmundur Þórarinsson\ded30989,is ISL,MFDF,Aalborg,29,1992,4,0,0,0,1,0,0,11,7,7,,,0,Matches
Stefán Þórðarson\ed9daa96,is ISL,MF,Silkeborg,22,1998,17,3,0,0,12,16,0,19,18,12,,,0,Matches
Aron Þrándarson\6175499e,is ISL,MF,Odense,26,1994,17.3,4,0,0,32,25,0,15,50,42,,,0,Matches
Luka ?or?evi?\ea0cc5c5,me MNE,FW,Vejle BK,27,1994,11,1,0,0,13,8,13,13,2,3,,,0,Matches
