Player,Nation,Pos,Squad,Age,Born,MP,Starts,Min,90s,Gls,Ast,G-PK,PK,PKatt,CrdY,CrdR,Gls,Ast,G+A,G-PK,G+A-PK,Matches
Mads Aaquist\9344895b,dk DEN,MF,Viborg,26,1994,5,1,98,1.1,0,1,0,0,0,0,0,0,0.92,0.92,0,0.92,Matches
Jonas Abbew\c93f728c,dk DEN,DF,Nordsjælland,19,2002,11,3,347,3.9,0,0,0,0,0,0,0,0,0,0,0,0,Matches
Francis Abu\66fb354d,gh GHA,MF,Nordsjælland,20,2001,16,13,1015,11.3,0,0,0,0,0,2,1,0,0,0,0,0,Matches
Simon Adingra\4dcec659,ci CIV,FWMF,Nordsjælland,19,2002,31,19,1809,20.1,9,3,9,0,0,5,0,0.45,0.15,0.6,0.45,0.6,Matches
Ali Adnan Kadhim\06050480,iq IRQ,DFMF,Vejle BK,27,1993,1,0,32,0.4,0,0,0,0,0,0,0,0,0,0,0,0,Matches
Mel Agnero\bc5fc7b6,ci CIV,FW,Nordsjælland,18,2003,3,0,33,0.4,0,0,0,0,0,1,0,0,0,0,0,0,Matches
Jakob Ahlmann Nielsen\3057b8b9,dk DEN,MFDF,Aalborg,30,1991,29,16,1377,15.3,1,1,1,0,0,6,0,0.07,0.07,0.13,0.07,0.13,Matches
Raúl Albentosa\348e4809,es ESP,DF,Vejle BK,32,1988,13,13,1118,12.4,2,1,2,0,0,6,1,0.16,0.08,0.24,0.16,0.24,Matches
Miiko Albornoz\d459281d,cl CHI,MFDF,Vejle BK,30,1990,13,10,985,10.9,1,1,1,0,0,5,0,0.09,0.09,0.18,0.09,0.18,Matches
Mads Albæk\06aa77a6,dk DEN,MF,SønderjyskE,31,1990,30,26,2419,26.9,0,1,0,0,0,7,0,0,0.04,0.04,0,0.04,Matches
Wessam Haissam Abou Ali\a06467dc,dk DEN,FW,Silkeborg,22,1999,3,0,58,0.6,0,0,0,0,0,0,0,0,0,0,0,0,Matches
Alexander Ammitzbøll\0d1c3981,dk DEN,FW,AGF,22,1999,4,0,69,0.8,0,0,0,0,0,0,0,0,0,0,0,0,Matches
Akinkunmi Amoo\bc2d4118,ng NGA,MF,FC Copenhagen,19,2002,2,1,63,0.7,1,0,1,0,0,0,0,1.43,0,1.43,1.43,1.43,Matches
Daniel Andersen\ef6cc2c8,dk DEN,GK,AGF,20,2001,1,1,90,1,0,0,0,0,0,0,0,0,0,0,0,0,Matches
Lucas Andersen\bb753183,dk DEN,MF,Aalborg,26,1994,7,4,414,4.6,0,1,0,0,0,0,0,0,0.22,0.22,0,0.22,Matches
Mikkel Andersen\63e905bc,dk DEN,GK,Viborg,32,1988,6,6,540,6,0,0,0,0,0,0,0,0,0,0,0,0,Matches
Mikael Anderson\0a721e85,is ISL,MF,Midtjylland,23,1998,4,1,127,1.4,0,0,0,0,0,0,0,0,0,0,0,0,Matches
Mikael Anderson\0a721e85,is ISL,MF,AGF,23,1998,20,18,1560,17.3,5,0,5,0,0,7,0,0.29,0,0.29,0.29,0.29,Matches
Hugo Andersson\f026e46a,se SWE,DF,Randers,22,1999,9,5,417,4.6,0,0,0,0,0,4,0,0,0,0,0,0,Matches
Joel Andersson\b5f66351,se SWE,MF,Midtjylland,24,1996,31,29,2555,28.4,1,7,1,0,0,2,0,0.04,0.25,0.28,0.04,0.28,Matches
Mattias Andersson\f8ee1ea5,se SWE,DF,Randers,23,1998,2,1,87,1,0,0,0,0,0,0,0,0,0,0,0,0,Matches
Aske Andresen\486710d5,dk DEN,GK,Silkeborg,16,2005,1,1,90,1,0,0,0,0,0,0,0,0,0,0,0,0,Matches
Jakob Ankersen\7340cf33,dk DEN,MFFW,Randers,30,1990,27,18,1441,16,2,2,2,0,0,0,0,0.12,0.12,0.25,0.12,0.25,Matches
Peter Ankersen\df525574,dk DEN,DF,FC Copenhagen,30,1990,28,23,1998,22.2,1,4,1,0,0,3,0,0.05,0.18,0.23,0.05,0.23,Matches
Oliver Antman\c63d7d38,fi FIN,FWMF,Nordsjælland,19,2001,26,16,1479,16.4,5,2,4,1,1,0,0,0.3,0.12,0.43,0.24,0.37,Matches
Daniel Anyembe\c7e3b9e9,dk DEN,DF,Viborg,23,1998,21,15,1318,14.6,0,0,0,0,0,1,0,0,0,0,0,0,Matches
Hákon Arnar Haraldsson\e2ae54db,is ISL,MFFW,FC Copenhagen,18,2003,11,6,537,6,4,0,4,0,0,0,0,0.67,0,0.67,0.67,0.67,Matches
Rocco Ascone\bdf1db39,fr FRA,FW,Nordsjælland,17,2003,1,0,2,0,0,0,0,0,0,0,0,0,0,0,0,0,Matches
Yann Aurel Bisseck\3963c25b,de GER,DF,AGF,20,2000,30,23,2117,23.5,1,0,1,0,0,4,0,0.04,0,0.04,0.04,0.04,Matches
Khouma Babacar\422ec08a,sn SEN,FW,FC Copenhagen,28,1993,14,6,565,6.3,3,2,3,0,0,2,0,0.48,0.32,0.8,0.48,0.8,Matches
Edgar Babayan\cddd2df7,am ARM,MFFW,Vejle BK,25,1995,13,8,683,7.6,0,2,0,0,0,2,0,0,0.26,0.26,0,0.26,Matches
Younes Bakiz\48ab6342,dk DEN,FW,Viborg,22,1999,27,24,1966,21.8,3,3,3,0,1,3,0,0.14,0.14,0.27,0.14,0.27,Matches
Roony Bardghji\88ce7ddc,se SWE,MFFW,FC Copenhagen,15,2005,13,10,742,8.2,2,0,2,0,0,1,0,0.24,0,0.24,0.24,0.24,Matches
Atli Barkarson\5a91853f,is ISL,MFDF,SønderjyskE,20,2001,7,6,438,4.9,0,0,0,0,0,1,0,0,0,0,0,0,Matches
Tobias Bech\eb6f92e8,dk DEN,FW,Viborg,19,2002,27,23,1758,19.5,3,2,3,0,0,6,0,0.15,0.1,0.26,0.15,0.26,Matches
Asker Beck\b2707d24,,MF,AGF,,,1,0,2,0,0,0,0,0,0,0,0,0,0,0,0,0,Matches
Joe Bell\7825847e,nz NZL,MF,Brøndby,22,1999,15,13,1095,12.2,0,0,0,0,0,2,0,0,0,0,0,0,Matches
Anis Ben Slimane\9ade9ce1,tn TUN,MFFW,Brøndby,20,2001,31,29,2480,27.6,2,4,2,0,0,6,0,0.07,0.15,0.22,0.07,0.22,Matches
Pierre Bengtsson\d1992a3b,se SWE,DFMF,FC Copenhagen,33,1988,3,0,36,0.4,0,0,0,0,0,0,0,0,0,0,0,0,Matches
Lasse Berg Johnsen\a0b95824,no NOR,MF,Randers,21,1999,31,31,2708,30.1,2,2,0,2,2,4,0,0.07,0.07,0.13,0,0.07,Matches
Sofus Berger Brix\c6e9b36b,dk DEN,MF,Viborg,18,2003,22,3,389,4.3,0,1,0,0,0,1,0,0,0.23,0.23,0,0.23,Matches
Emil Berggreen\8be4fd6a,dk DEN,FW,SønderjyskE,28,1993,5,4,362,4,4,0,4,0,0,2,1,0.99,0,0.99,0.99,0.99,Matches
Victor Bernth Kristiansen\505486d6,dk DEN,DF,FC Copenhagen,18,2002,21,19,1658,18.4,0,4,0,0,0,2,0,0,0.22,0.22,0,0.22,Matches
Mads Bidstrup\407db0d5,dk DEN,MF,Nordsjælland,20,2001,13,12,1036,11.5,0,0,0,0,0,3,0,0,0,0,0,0,Matches
Pep Biel\1c59240b,es ESP,MFFW,FC Copenhagen,24,1996,32,30,2601,28.9,11,6,11,0,0,3,0,0.38,0.21,0.59,0.38,0.59,Matches
Carl Björk\3b2bdc7e,se SWE,FW,Brøndby,21,2000,11,3,325,3.6,0,0,0,0,0,1,0,0,0,0,0,0,Matches
Peter Bjur\7c962fda,dk DEN,MF,Brøndby,21,2000,3,0,27,0.3,0,0,0,0,0,0,0,0,0,0,0,0,Matches
Nicolai Boilesen\08fe932d,dk DEN,DF,FC Copenhagen,29,1992,26,24,2167,24.1,0,0,0,0,1,5,1,0,0,0,0,0,Matches
Jakob Bonde\0effaa3b,dk DEN,MF,Viborg,27,1993,31,29,2502,27.8,6,1,3,3,4,6,0,0.22,0.04,0.25,0.11,0.14,Matches
Frederik Brandhof\c2af37df,dk DEN,MF,AGF,25,1996,27,18,1722,19.1,1,2,1,0,0,6,0,0.05,0.1,0.16,0.05,0.16,Matches
Mathias Brems\3c7abd19,dk DEN,DF,Odense,19,2002,1,0,19,0.2,0,0,0,0,0,0,0,0,0,0,0,0,Matches
Jakob Breum\31c61ac7,dk DEN,MFFW,Odense,17,2003,21,10,841,9.3,4,1,4,0,0,0,0,0.43,0.11,0.54,0.43,0.54,Matches
Mark Brink\ae149bdb,dk DEN,MF,Silkeborg,23,1998,32,32,2670,29.7,1,1,1,0,0,0,0,0.03,0.03,0.07,0.03,0.07,Matches
Nicolai Brock-Madsen\0443d045,dk DEN,FW,Randers,28,1993,19,6,567,6.3,1,0,1,0,0,2,0,0.16,0,0.16,0.16,0.16,Matches
Júnior Brumado\bccc1bb4,br BRA,FWMF,Midtjylland,22,1999,23,18,1393,15.5,8,1,7,1,1,6,1,0.52,0.06,0.58,0.45,0.52,Matches
Alexander Brunst\99219195,de GER,GK,Vejle BK,26,1995,21,21,1890,21,0,0,0,0,0,0,0,0,0,0,0,0,Matches
Andreas Bruus\b088d5d3,dk DEN,MFDF,Brøndby,22,1999,29,26,2246,25,3,1,3,0,0,5,0,0.12,0.04,0.16,0.12,0.16,Matches
Filip Bundgaard\ab42610c,dk DEN,MF,Randers,17,2004,15,0,265,2.9,0,0,0,0,0,2,0,0,0,0,0,0,Matches
Oliver Bundgaard\46a51ca7,dk DEN,DF,Randers,20,2001,28,21,1821,20.2,0,1,0,0,0,1,0,0,0.05,0.05,0,0.05,Matches
Mustapha Bundu\9d50bfd3,sl SLE,FWMF,AGF,24,1997,22,16,1502,16.7,3,2,3,0,0,1,0,0.18,0.12,0.3,0.18,0.3,Matches
Nicolas Bürgy\a4851d9e,ch SUI,DF,Viborg,25,1995,14,14,1260,14,2,0,2,0,0,2,0,0.14,0,0.14,0.14,0.14,Matches
Alexander Busch\de664c71,dk DEN,DF,Silkeborg,18,2003,2,1,95,1.1,0,0,0,0,0,0,0,0,0,0,0,0,Matches
Tobias Børkeeiet\2d54d501,no NOR,DFMF,Brøndby,22,1999,7,4,415,4.6,1,0,1,0,0,2,0,0.22,0,0.22,0.22,0.22,Matches
Frederik Børsting\fd957a77,dk DEN,MFDF,Aalborg,26,1995,17,9,830,9.2,0,4,0,0,0,3,0,0,0.43,0.43,0,0.43,Matches
Jens Cajuste\928a4a61,se SWE,MF,Midtjylland,21,1999,5,2,243,2.7,0,0,0,0,0,0,0,0,0,0,0,0,Matches
André Calisir\b33fa7ce,am ARM,DF,Silkeborg,31,1990,17,17,1371,15.2,0,0,0,0,0,6,0,0,0,0,0,0,Matches
Christian Cappis\25ef5b47,us USA,MF,Brøndby,21,1999,27,10,1058,11.8,4,0,4,0,0,2,0,0.34,0,0.34,0.34,0.34,Matches
Patrik Carlgren\168c50c5,se SWE,GK,Randers,29,1992,32,32,2880,32,0,0,0,0,0,2,0,0,0,0,0,0,Matches
Frederik Carstensen\d3f4537d,dk DEN,FW,Silkeborg,19,2002,4,0,30,0.3,1,0,1,0,0,0,0,3,0,3,3,3,Matches
Rasmus Carstensen\64d7f629,dk DEN,DF,Silkeborg,20,2000,31,30,2715,30.2,1,5,1,0,0,3,0,0.03,0.17,0.2,0.03,0.2,Matches
Edward Chilufya\b7b27de0,zm ZAM,FWMF,Midtjylland,21,1999,13,8,678,7.5,3,3,3,0,0,0,0,0.4,0.4,0.8,0.4,0.8,Matches
Frederik Christensen\a112ab29,dk DEN,FW,Viborg,26,1995,1,0,2,0,0,0,0,0,0,0,0,0,0,0,0,0,Matches
Jacob Christensen\324ff0da,dk DEN,MF,Nordsjælland,20,2001,28,14,1440,16,0,2,0,0,0,1,0,0,0.12,0.12,0,0.12,Matches
Magnus Christensen\f3357915,dk DEN,MF,Aalborg,23,1997,17,11,832,9.2,0,0,0,0,0,5,0,0,0,0,0,0,Matches
Oliver Christensen\af104654,dk DEN,GK,Odense,22,1999,6,6,540,6,0,0,0,0,0,0,0,0,0,0,0,0,Matches
Hans Christian Bernat\e49bda8e,dk DEN,GK,Odense,20,2000,26,26,2340,26,0,0,0,0,0,1,0,0,0,0,0,0,Matches
Peter Christiansen\ffe0853e,dk DEN,FW,SønderjyskE,21,1999,15,12,1036,11.5,3,1,3,0,0,4,0,0.26,0.09,0.35,0.26,0.35,Matches
Viktor Claesson\b3a712de,se SWE,FWMF,FC Copenhagen,29,1992,10,9,736,8.2,1,3,1,0,0,0,0,0.12,0.37,0.49,0.12,0.49,Matches
Dion Cools\0331786b,my MAS,DFMF,Midtjylland,25,1996,12,5,414,4.6,0,0,0,0,0,0,0,0,0,0,0,0,Matches
Rezan Corlu\d171dc98,dk DEN,MF,Brøndby,23,1997,3,1,103,1.1,0,0,0,0,0,0,0,0,0,0,0,0,Matches
Lasso Coulibaly\78310540,gh GHA,FWMF,Nordsjælland,18,2002,23,14,1237,13.7,0,4,0,0,0,4,1,0,0.29,0.29,0,0.29,Matches
Kevin Custovic\c79a24ce,se SWE,MF,Vejle BK,21,2000,14,3,310,3.4,0,1,0,0,0,0,0,0,0.29,0.29,0,0.29,Matches
Anthony D'Alberto\98684b0c,be BEL,DFMF,AGF,26,1994,19,14,1251,13.9,0,1,0,0,0,2,0,0,0.07,0.07,0,0.07,Matches
Adam Daghim\17f9da8a,,MF,AGF,,,3,0,65,0.7,0,1,0,0,0,2,0,0,1.38,1.38,0,1.38,Matches
Jón Dagur Þorsteinsson\474beb8b,is ISL,FWMF,AGF,22,1998,23,21,1652,18.4,3,1,3,0,0,8,0,0.16,0.05,0.22,0.16,0.22,Matches
Robin Dahl Østrøm\4ab66aa2,no NOR,DF,Odense,18,2002,11,7,653,7.3,0,0,0,0,0,0,0,0,0,0,0,0,Matches
Gustav Dahl\afd2c53a,dk DEN,DF,Silkeborg,25,1996,10,10,888,9.9,0,0,0,0,0,2,0,0,0,0,0,0,Matches
Marc Dal Hende\1404b749,dk DEN,DFMF,SønderjyskE,30,1990,30,29,2616,29.1,1,1,1,0,0,4,0,0.03,0.03,0.07,0.03,0.07,Matches
Eskild Dall\f64253a3,dk DEN,FW,AGF,18,2003,1,0,4,0,0,0,0,0,0,0,0,0,0,0,0,0,Matches
Henrik Dalsgaard\563cbac0,dk DEN,DF,Midtjylland,32,1989,28,28,2423,26.9,2,1,2,0,0,3,0,0.07,0.04,0.11,0.07,0.11,Matches
Mohammed Daramy\06a1d642,dk DEN,MFFW,FC Copenhagen,19,2002,6,6,433,4.8,2,1,2,0,0,0,0,0.42,0.21,0.62,0.42,0.62,Matches
Viljormur Davidsen\ab7c9060,fo FRO,DF,Vejle BK,30,1991,12,10,864,9.6,0,0,0,0,0,1,0,0,0,0,0,0,Matches
Kellian van der Kaap\955aecc5,nl NED,DF,Viborg,22,1998,1,0,39,0.4,0,0,0,0,0,0,0,0,0,0,0,0,Matches
Frans Dhia Putros\0102aa7e,iq IRQ,DF,Viborg,28,1993,27,17,1553,17.3,0,0,0,0,0,7,0,0,0,0,0,0,Matches
Kevin Diks\f179ee11,nl NED,DF,FC Copenhagen,24,1996,26,21,1950,21.7,2,3,2,0,0,6,1,0.09,0.14,0.23,0.09,0.23,Matches
Mohammed Diomande\663629ae,ci CIV,MF,Nordsjælland,19,2001,25,19,1500,16.7,3,0,3,0,0,7,0,0.18,0,0.18,0.18,0.18,Matches
Marko Divkovic\807cb743,hr CRO,FW,Brøndby,22,1999,23,16,1311,14.6,1,1,1,0,0,3,0,0.07,0.07,0.14,0.07,0.14,Matches
Dominic\a3ab54b8,br BRA,FW,Vejle BK,26,1995,1,0,7,0.1,0,0,0,0,0,0,0,0,0,0,0,0,Matches
Mouhamadou Drammeh\309937e7,fr FRA,MF,Vejle BK,22,1999,21,16,1329,14.8,1,1,1,0,0,3,0,0.07,0.07,0.14,0.07,0.14,Matches
Anders Dreyer\c6486b01,dk DEN,FW,Midtjylland,23,1998,16,16,1362,15.1,8,8,8,0,0,0,0,0.53,0.53,1.06,0.53,1.06,Matches
Zach Duncan\5e2b88fa,au AUS,MF,AGF,21,2000,6,2,186,2.1,0,0,0,0,0,0,0,0,0,0,0,0,Matches
Nikolas Dyhr\0b243559,dk DEN,MF,Midtjylland,20,2001,25,14,1364,15.2,1,2,1,0,0,1,0,0.07,0.13,0.2,0.07,0.2,Matches
Mads Døhr Thychosen\29e298a8,dk DEN,DF,Nordsjælland,24,1997,17,16,1413,15.7,1,0,1,0,0,3,0,0.06,0,0.06,0.06,0.06,Matches
Mads Døhr Thychosen\29e298a8,dk DEN,DFMF,Midtjylland,24,1997,12,10,930,10.3,2,0,2,0,0,1,0,0.19,0,0.19,0.19,0.19,Matches
Marvin Egho\7764b2fc,at AUT,FW,Randers,27,1994,10,6,526,5.8,1,0,1,0,0,1,0,0.17,0,0.17,0.17,0.17,Matches
Anosike Ementa\fbe39f7e,dk DEN,FW,Aalborg,19,2002,13,0,117,1.3,0,1,0,0,0,1,0,0,0.77,0.77,0,0.77,Matches
Dimitrios Emmanouilidis\5ac5fcab,gr GRE,FWMF,Vejle BK,20,2000,26,11,974,10.8,3,2,3,0,0,1,0,0.28,0.18,0.46,0.28,0.46,Matches
Lukas Engel\aedaf328,dk DEN,DF,Silkeborg,22,1998,15,15,1240,13.8,2,1,2,0,0,1,0,0.15,0.07,0.22,0.15,0.22,Matches
Lukas Engel\aedaf328,dk DEN,MFFW,Vejle BK,22,1998,17,10,862,9.6,2,1,2,0,0,1,0,0.21,0.1,0.31,0.21,0.31,Matches
Mads Enggaard\f95dc7a4,dk DEN,MF,Randers,17,2004,7,2,146,1.6,0,0,0,0,0,0,0,0,0,0,0,0,Matches
Julius Eskesen\35753f28,dk DEN,MFFW,SønderjyskE,22,1999,13,6,585,6.5,0,0,0,0,0,0,0,0,0,0,0,0,Matches
Evander\4352d221,br BRA,MF,Midtjylland,23,1998,29,28,2344,26,12,6,8,4,4,2,1,0.46,0.23,0.69,0.31,0.54,Matches
Saeid Ezatolahi\314d95ac,ir IRN,MF,Vejle BK,24,1996,13,11,902,10,1,0,1,0,0,5,0,0.1,0,0.1,0.1,0.1,Matches
Wahidullah Faghir\93c9e7d9,dk DEN,FW,Vejle BK,18,2003,7,7,630,7,2,0,2,0,0,2,0,0.29,0,0.29,0.29,0.29,Matches
Rasmus Falk\762179d9,dk DEN,MF,FC Copenhagen,29,1992,22,20,1814,20.2,0,3,0,0,0,3,0,0,0.15,0.15,0,0.15,Matches
Oskar Fallenius\7004c558,se SWE,FW,Brøndby,19,2001,5,0,31,0.3,0,0,0,0,0,0,0,0,0,0,0,0,Matches
Andri Fannar Baldursson\61f2f56a,is ISL,MF,FC Copenhagen,19,2002,3,0,48,0.5,0,0,0,0,0,1,0,0,0,0,0,0,Matches
Joel Felix\b644e40d,dk DEN,DF,Silkeborg,23,1998,20,14,1420,15.8,0,0,0,0,0,2,0,0,0,0,0,0,Matches
Max Fenger\c39080f7,dk DEN,FWMF,Odense,19,2001,32,18,1635,18.2,6,0,6,0,0,0,0,0.33,0,0.33,0.33,0.33,Matches
Pedro Ferreira\fb39d792,pt POR,MF,Aalborg,23,1998,17,14,1198,13.3,2,0,2,0,0,9,1,0.15,0,0.15,0.15,0.15,Matches
Bård Finne\78699620,no NOR,FWMF,SønderjyskE,26,1995,1,0,1,0,0,0,0,0,0,0,0,0,0,0,0,0,Matches
Nicolai Flø\ef0ea1ab,dk DEN,GK,SønderjyskE,25,1995,8,8,720,8,0,0,0,0,0,0,0,0,0,0,0,0,Matches
Adama Fofana\1754914f,ci CIV,MF,Vejle BK,20,2001,1,0,4,0,0,0,0,0,0,0,0,0,0,0,0,0,Matches
Iver Fossum\ce218223,no NOR,MF,Aalborg,25,1996,30,30,2582,28.7,8,4,7,1,1,1,1,0.28,0.14,0.42,0.24,0.38,Matches
Oscar Fraulo\458e3479,dk DEN,MF,Midtjylland,17,2003,1,0,20,0.2,0,0,0,0,0,1,0,0,0,0,0,0,Matches
Emil Frederiksen\0639e42e,dk DEN,FWMF,SønderjyskE,20,2000,22,17,1350,15,3,1,3,0,0,1,0,0.2,0.07,0.27,0.2,0.27,Matches
Morten Frendrup\f4d60499,dk DEN,MF,Brøndby,20,2001,15,13,1206,13.4,2,0,2,0,0,1,0,0.15,0,0.15,0.15,0.15,Matches
Martin Frese\b910e9c0,dk DEN,DFMF,Nordsjælland,23,1998,30,23,2011,22.3,1,3,1,0,0,5,0,0.04,0.13,0.18,0.04,0.18,Matches
Christian Friedrich\85615790,dk DEN,DF,Brøndby,18,2003,1,0,3,0,0,0,0,0,0,0,0,0,0,0,0,0,Matches
Mads Frøkjær-Jensen\108e44ca,dk DEN,MF,Odense,22,1999,28,20,1602,17.8,6,3,6,0,0,4,0,0.34,0.17,0.51,0.34,0.51,Matches
Anton Gaaei\6f7d7bc2,dk DEN,FW,Viborg,18,2002,5,2,190,2.1,0,0,0,0,0,1,0,0,0,0,0,0,Matches
Ruben Gabrielsen\9e64fc85,no NOR,DF,FC Copenhagen,29,1992,4,2,220,2.4,0,0,0,0,0,0,0,0,0,0,0,0,Matches
Jose Gallegos\1141c543,us USA,MFFW,SønderjyskE,19,2001,13,7,621,6.9,1,0,1,0,0,0,0,0.14,0,0.14,0.14,0.14,Matches
Christian Gammelgaard\67c22de2,dk DEN,FW,Vejle BK,18,2003,2,0,29,0.3,0,0,0,0,0,0,0,0,0,0,0,0,Matches
Stefan Gartenmann\62f7c156,dk DEN,DF,SønderjyskE,24,1997,31,31,2790,31,2,1,2,0,0,4,0,0.06,0.03,0.1,0.06,0.1,Matches
Alex Gersbach\494bff86,au AUS,DF,AGF,24,1997,1,0,35,0.4,0,0,0,0,0,0,0,0,0,0,0,0,Matches
Robert Gojani\65465292,se SWE,MF,Silkeborg,28,1992,22,16,1456,16.2,0,5,0,0,0,1,1,0,0.31,0.31,0,0.31,Matches
Lorenzo Gordinho\79be9ee9,za RSA,DF,Viborg,27,1994,4,2,259,2.9,0,0,0,0,0,2,0,0,0,0,0,0,Matches
Kamil Grabara\62182b1d,pl POL,GK,FC Copenhagen,22,1999,32,32,2880,32,0,0,0,0,0,3,0,0,0,0,0,0,Matches
Daniel Granli\76ccbee2,no NOR,DFMF,Aalborg,27,1994,27,27,2166,24.1,1,0,1,0,0,5,0,0.04,0,0.04,0.04,0.04,Matches
Simon Graves Jensen\b1027206,dk DEN,DF,Randers,22,1999,21,20,1676,18.6,0,1,0,0,0,4,1,0,0.05,0.05,0,0.05,Matches
Mads Greve\5c2f10f6,dk DEN,DF,Vejle BK,31,1989,2,2,171,1.9,0,0,0,0,0,0,0,0,0,0,0,0,Matches
Mathias Greve\98ca4feb,dk DEN,MFFW,Brøndby,26,1995,25,8,924,10.3,1,1,1,0,0,1,0,0.1,0.1,0.19,0.1,0.19,Matches
Mathias Greve\98ca4feb,dk DEN,MF,Randers,26,1995,3,3,247,2.7,1,2,1,0,0,1,0,0.36,0.73,1.09,0.36,1.09,Matches
Albert Gronbaek Erlykke\0da5076f,dk DEN,MFFW,AGF,20,2001,31,22,1968,21.9,3,4,3,0,0,4,0,0.14,0.18,0.32,0.14,0.32,Matches
Jay-Roy Grot\9a8241af,nl NED,FW,Viborg,23,1998,25,21,1592,17.7,5,0,5,0,0,2,0,0.28,0,0.28,0.28,0.28,Matches
Sten Grytebust\c9f11454,no NOR,GK,Vejle BK,31,1989,10,10,900,10,0,0,0,0,0,0,0,0,0,0,0,0,Matches
Jeppe Grønning\b289970e,dk DEN,MF,Viborg,30,1991,28,26,2255,25.1,1,1,1,0,0,7,0,0.04,0.04,0.08,0.04,0.08,Matches
Sebastian Grønning\8da24e7d,dk DEN,FW,Viborg,24,1997,17,16,1413,15.7,6,1,6,0,0,3,0,0.38,0.06,0.45,0.38,0.45,Matches
Thomas Gundelund\c29b12a0,dk DEN,DFMF,Vejle BK,19,2001,11,4,456,5.1,0,0,0,0,0,1,0,0,0,0,0,0,Matches
Eduardo Dos Santos Haesler\1b9a46d1,de GER,GK,Nordsjælland,22,1999,5,5,450,5,0,0,0,0,0,0,0,0,0,0,0,0,Matches
Anders Hagelskjær\5c550ee1,dk DEN,DF,Aalborg,24,1997,28,17,1863,20.7,1,0,1,0,0,6,0,0.05,0,0.05,0.05,0.05,Matches
Lucas Hägg-Johansson\0e014062,se SWE,GK,Vejle BK,27,1994,1,1,90,1,0,0,0,0,0,0,0,0,0,0,0,0,Matches
Vito Hammershøy-Mistrati\35676d63,dk DEN,MFFW,Randers,29,1992,31,28,2454,27.3,7,2,6,1,2,1,0,0.26,0.07,0.33,0.22,0.29,Matches
Marcus Hannesbo\f5bc3524,dk DEN,MF,Aalborg,19,2002,12,1,187,2.1,0,0,0,0,0,0,0,0,0,0,0,0,Matches
Andreas Hansen\5a98a7bd,dk DEN,GK,Nordsjælland,25,1995,15,15,1350,15,0,0,0,0,0,1,0,0,0,0,0,0,Matches
Casper Hansen\c852f996,dk DEN,FW,Aalborg,19,2002,6,0,122,1.4,0,0,0,0,0,0,0,0,0,0,0,0,Matches
Jesper Hansen\a3b952f8,dk DEN,GK,AGF,36,1985,31,31,2790,31,0,0,0,0,0,0,0,0,0,0,0,0,Matches
Kian Hansen\18d226a9,dk DEN,DF,Nordsjælland,32,1989,26,25,1997,22.2,2,0,2,0,0,1,0,0.09,0,0.09,0.09,0.09,Matches
Mads Hansen\f04a3092,dk DEN,FWMF,Nordsjælland,19,2002,15,13,1040,11.6,2,1,2,0,0,0,0,0.17,0.09,0.26,0.17,0.26,Matches
Mads Hansen\f04a3092,dk DEN,MF,Midtjylland,19,2002,7,0,74,0.8,1,0,1,0,0,0,0,1.22,0,1.22,1.22,1.22,Matches
Mads Hansen\9e958fe2,dk DEN,MF,SønderjyskE,20,2001,1,0,29,0.3,0,0,0,0,0,0,0,0,0,0,0,0,Matches
Hallur Hansson\15032d57,fo FRO,MFFW,Vejle BK,29,1992,6,6,539,6,1,1,1,0,0,3,0,0.17,0.17,0.33,0.17,0.33,Matches
Sebastian Hausner\5ba8a86b,dk DEN,DF,AGF,21,2000,24,21,1858,20.6,0,0,0,0,0,6,1,0,0,0,0,0,Matches
Simon Hedlund\5e167a35,se SWE,FWMF,Brøndby,28,1993,29,26,2155,23.9,4,9,3,1,1,5,0,0.17,0.38,0.54,0.13,0.5,Matches
Henrik Heggheim\8a3aabc1,no NOR,DF,Brøndby,20,2001,14,11,1030,11.4,1,0,1,0,0,3,1,0.09,0,0.09,0.09,0.09,Matches
Nicklas Helenius\ae3d2f47,dk DEN,FW,Silkeborg,30,1991,29,29,2518,28,17,2,15,2,2,2,0,0.61,0.07,0.68,0.54,0.61,Matches
Mads Hermansen\c924b17d,dk DEN,GK,Brøndby,21,2000,29,29,2610,29,0,0,0,0,0,0,0,0,0,0,0,0,Matches
Heron\fa94d227,br BRA,DFMF,Vejle BK,20,2000,16,10,888,9.9,0,0,0,0,0,1,0,0,0,0,0,0,Matches
Lundrim Hetemi\ab803f01,dk DEN,MF,Vejle BK,21,2000,22,9,1038,11.5,0,0,0,0,0,2,0,0,0,0,0,0,Matches
Malthe Hojholt\b52b9079,dk DEN,MF,Aalborg,20,2001,30,27,2299,25.5,0,0,0,0,0,8,0,0,0,0,0,0,Matches
Emil Holm\c2357b65,se SWE,DFMF,SønderjyskE,21,2000,25,25,2129,23.7,3,2,2,1,1,8,0,0.13,0.08,0.21,0.08,0.17,Matches
Martin Huldahl\d0e1ff00,dk DEN,FW,Viborg,16,2004,1,0,11,0.1,0,0,0,0,0,0,0,0,0,0,0,0,Matches
Daniel Høegh\01204d46,dk DEN,DF,Midtjylland,30,1991,19,17,1516,16.8,0,0,0,0,0,3,0,0,0,0,0,0,Matches
Rasmus Højlund\491a433d,dk DEN,FW,FC Copenhagen,18,2003,15,1,306,3.4,0,0,0,0,0,1,0,0,0,0,0,0,Matches
Hans Høllsberg\1b98ca74,dk DEN,MF,Vejle BK,19,2002,17,6,717,8,0,0,0,0,0,1,0,0,0,0,0,0,Matches
Tarik Ibrahimagic\92cb1457,dk DEN,MF,Odense,20,2001,3,0,36,0.4,0,0,0,0,0,0,0,0,0,0,0,0,Matches
Frederik Ibsen\95827107,dk DEN,DF,Brøndby,21,1999,4,0,41,0.5,0,0,0,0,0,0,0,0,0,0,0,0,Matches
Frederik Ihler\91557c73,dk DEN,FW,AGF,18,2003,7,0,69,0.8,1,0,1,0,0,0,0,1.3,0,1.3,1.3,1.3,Matches
Gustav Isaksen\5715bb71,dk DEN,FWMF,Midtjylland,20,2001,30,26,1932,21.5,5,5,5,0,0,0,0,0.23,0.23,0.47,0.23,0.47,Matches
Mihajlo Ivan?evi?\144c84e6,rs SRB,DF,Odense,22,1999,8,7,640,7.1,0,0,0,0,0,2,0,0,0,0,0,0,Matches
Jens Jakob Thomasen\0746dbd1,dk DEN,MF,Odense,25,1996,28,25,2199,24.4,2,1,2,0,0,6,0,0.08,0.04,0.12,0.08,0.12,Matches
Manjrekar James\40676b27,ca CAN,DF,Vejle BK,27,1993,13,11,1044,11.6,0,0,0,0,0,4,0,0,0,0,0,0,Matches
Alassana Jatta\43375c57,gm GAM,FW,Viborg,22,1999,25,3,577,6.4,3,0,3,0,0,0,0,0.47,0,0.47,0.47,0.47,Matches
Issam Jebali\4b751020,tn TUN,MFFW,Odense,29,1991,25,22,1875,20.8,10,4,7,3,5,5,1,0.48,0.19,0.67,0.34,0.53,Matches
Elias Jelert\213f0daf,dk DEN,DF,FC Copenhagen,18,2003,11,4,439,4.9,0,0,0,0,0,0,0,0,0,0,0,0,Matches
Isak Jensen\471c3240,dk DEN,FWMF,SønderjyskE,17,2003,19,5,582,6.5,0,0,0,0,0,1,0,0,0,0,0,0,Matches
Lucas Jensen\157fd991,dk DEN,FW,Vejle BK,26,1994,4,1,109,1.2,0,0,0,0,0,0,0,0,0,0,0,0,Matches
Oliver Jensen\53e442e2,dk DEN,MF,Midtjylland,19,2002,4,0,41,0.5,0,0,0,0,0,0,0,0,0,0,0,0,Matches
Valdemar Jensen\cd1629bc,dk DEN,DF,FC Copenhagen,18,2003,3,0,21,0.2,0,0,0,0,0,0,0,0,0,0,0,0,Matches
Victor Jensen\706a337d,dk DEN,DF,Midtjylland,17,2003,1,0,44,0.5,0,0,0,0,0,0,0,0,0,0,0,0,Matches
Milan Jevtovi?\34bf7740,rs SRB,FW,AGF,28,1993,1,0,4,0,0,0,0,0,0,0,0,0,0,0,0,0,Matches
Ísak Jóhannesson\c16c4e3b,is ISL,MFFW,FC Copenhagen,18,2003,16,5,531,5.9,4,1,4,0,0,2,0,0.68,0.17,0.85,0.68,0.85,Matches
Alexander Juel Andersen\02ee8a6f,dk DEN,DF,Odense,30,1991,18,14,1329,14.8,1,1,1,0,0,1,0,0.07,0.07,0.14,0.07,0.14,Matches
Jesper Juelsgård\28ab6d0d,dk DEN,DF,AGF,32,1989,5,0,69,0.8,0,0,0,0,0,1,0,0,0,0,0,0,Matches
Juninho\72c01cfb,br BRA,DF,Midtjylland,25,1995,18,13,1246,13.8,1,0,1,0,0,1,0,0.07,0,0.07,0.07,0.07,Matches
Nicolai Jørgensen\dff19848,dk DEN,FW,FC Copenhagen,30,1991,9,4,342,3.8,1,0,1,0,0,1,0,0.26,0,0.26,0.26,0.26,Matches
Sebastian Jørgensen\d796974b,dk DEN,FWMF,Silkeborg,21,2000,32,28,2373,26.4,11,9,11,0,0,1,0,0.42,0.34,0.76,0.42,0.76,Matches
Anders K. Jacobsen\37753247,dk DEN,FW,SønderjyskE,31,1989,6,6,433,4.8,0,0,0,0,0,1,0,0,0,0,0,0,Matches
Mads Kaalund\4136671a,dk DEN,MF,Silkeborg,24,1996,7,4,431,4.8,0,0,0,0,0,2,0,0,0,0,0,0,Matches
Joel Kabongo\3b1a8a71,dk DEN,DF,Randers,23,1998,2,0,10,0.1,0,0,0,0,0,0,0,0,0,0,0,0,Matches
Bashkim Kadrii\f6bb360b,dk DEN,FW,Odense,30,1991,28,16,1430,15.9,1,2,1,0,0,1,0,0.06,0.13,0.19,0.06,0.19,Matches
Eric Kahl\e44381c2,se SWE,DFMF,AGF,19,2001,24,22,1884,20.9,2,3,2,0,0,3,0,0.1,0.14,0.24,0.1,0.24,Matches
Mikkel Kallesøe\5040fb79,dk DEN,DF,Randers,24,1997,17,15,1265,14.1,1,2,1,0,0,4,0,0.07,0.14,0.21,0.07,0.21,Matches
Alhaji Kamara\8846f47e,sl SLE,FW,Randers,27,1994,14,8,744,8.3,6,0,6,0,0,3,0,0.73,0,0.73,0.73,0.73,Matches
Pierre Kanstrup\97a63f1e,dk DEN,DF,SønderjyskE,32,1989,4,1,117,1.3,0,0,0,0,0,0,0,0,0,0,0,0,Matches
Mamoudou Karamoko\23a10591,fr FRA,MF,FC Copenhagen,22,1999,2,0,26,0.3,0,1,0,0,0,0,0,0,3.46,3.46,0,3.46,Matches
Tosin Kehinde\bb8eb607,ng NGA,MFFW,Randers,23,1998,28,23,2098,23.3,5,3,5,0,0,4,0,0.21,0.13,0.34,0.21,0.34,Matches
Davit Khocholava\862fa9fb,ge GEO,DF,FC Copenhagen,28,1993,22,21,1822,20.2,1,1,1,0,0,10,0,0.05,0.05,0.1,0.05,0.1,Matches
Joel King\33803829,au AUS,DF,Odense,20,2000,11,11,926,10.3,0,1,0,0,0,1,0,0,0.1,0.1,0,0.1,Matches
Anders Klynge\bef3d795,dk DEN,MFFW,Silkeborg,20,2000,31,20,1854,20.6,2,4,2,0,0,0,0,0.1,0.19,0.29,0.1,0.29,Matches
Tobias Klysner\d18abeca,dk DEN,MFDF,Randers,20,2001,25,7,835,9.3,0,1,0,0,0,0,0,0,0.11,0.11,0,0.11,Matches
Troels Kløve\c26d24a3,dk DEN,MFFW,Odense,30,1990,26,10,980,10.9,1,2,1,0,0,2,0,0.09,0.18,0.28,0.09,0.28,Matches
Magnus Kofod Andersen\a4731ebc,dk DEN,MF,Nordsjælland,22,1999,31,28,2403,26.7,1,0,1,0,0,3,0,0.04,0,0.04,0.04,0.04,Matches
Marius Kolind\74e31254,dk DEN,FW,Vejle BK,19,2002,2,0,46,0.5,1,0,1,0,0,1,0,1.96,0,1.96,1.96,1.96,Matches
Denis Kolinger\991e3719,hr CRO,DF,Vejle BK,27,1994,29,29,2559,28.4,1,0,1,0,0,9,0,0.04,0,0.04,0.04,0.04,Matches
Björn Kopplin\a77b5db5,de GER,DF,Randers,32,1989,29,26,2435,27.1,0,2,0,0,0,5,0,0,0.07,0.07,0,0.07,Matches
Emil Kornvig\35271c4d,dk DEN,MF,SønderjyskE,21,2000,23,17,1364,15.2,2,0,2,0,0,4,0,0.13,0,0.13,0.13,0.13,Matches
Lars Kramer\239cbe00,nl NED,DF,Viborg,22,1999,23,20,1824,20.3,4,0,4,0,0,5,2,0.2,0,0.2,0.2,0.2,Matches
Thomas Kristensen\fadf9a05,dk DEN,DF,AGF,19,2002,11,8,729,8.1,0,0,0,0,0,1,0,0,0,0,0,0,Matches
Kristófer Kristinsson\57190c2a,is ISL,FW,SønderjyskE,22,1999,20,7,664,7.4,0,0,0,0,0,1,0,0,0,0,0,0,Matches
Willy Kumado\291b879c,,DF,Nordsjælland,,,2,0,46,0.5,0,0,0,0,0,0,0,0,0,0,0,0,Matches
Dawid Kurminowski\94d166d4,pl POL,FW,AGF,22,1999,25,11,967,10.7,2,0,2,0,0,0,0,0.19,0,0.19,0.19,0.19,Matches
Kasper Kusk\e4fcb211,dk DEN,MFFW,Aalborg,29,1991,26,14,1270,14.1,4,7,4,0,0,0,0,0.28,0.5,0.78,0.28,0.78,Matches
Mathias Kvistgaarden\49df363f,dk DEN,FW,Brøndby,19,2002,16,8,758,8.4,5,1,5,0,0,1,0,0.59,0.12,0.71,0.59,0.71,Matches
Kasper Larsen\d07de91d,dk DEN,DF,Odense,28,1993,22,22,1915,21.3,0,0,0,0,0,5,0,0,0,0,0,0,Matches
Nicolai Larsen\49fcd7b8,dk DEN,GK,Silkeborg,30,1991,31,31,2790,31,0,0,0,0,0,1,0,0,0,0,0,0,Matches
Frederik Lauenborg\5cc9caa1,dk DEN,MF,Randers,24,1997,27,20,1774,19.7,0,1,0,0,0,2,0,0,0.05,0.05,0,0.05,Matches
Jesper Lauridsen\c5f6f7d9,dk DEN,DF,Randers,30,1991,20,2,433,4.8,0,0,0,0,0,2,0,0,0,0,0,0,Matches
Mads Lauritsen\5a5c015e,dk DEN,DF,Viborg,28,1993,28,27,2346,26.1,2,0,2,0,0,8,1,0.08,0,0.08,0.08,0.08,Matches
Ryan Laursen\ce69cd83,dk DEN,DFMF,Odense,29,1992,2,0,41,0.5,0,0,0,0,0,0,0,0,0,0,0,0,Matches
Clint Leemans\66e43504,nl NED,MF,Viborg,25,1995,29,11,1123,12.5,3,3,2,1,1,2,0,0.24,0.24,0.48,0.16,0.4,Matches
Lukas Lerager\1b82f8df,dk DEN,MF,FC Copenhagen,28,1993,29,23,2089,23.2,6,1,6,0,0,7,0,0.26,0.04,0.3,0.26,0.3,Matches
Mart Lieder\1b21f77c,nl NED,FW,Odense,31,1990,15,1,328,3.6,2,0,2,0,0,0,0,0.55,0,0.55,0.55,0.55,Matches
Alexander Lind Rasmussen\4e014c3f,dk DEN,FW,Silkeborg,19,2002,6,3,230,2.6,1,0,1,0,0,0,0,0.39,0,0.39,0.39,0.39,Matches
Victor Lind\d2a83712,dk DEN,FW,Midtjylland,18,2003,20,3,511,5.7,3,0,3,0,0,1,0,0.53,0,0.53,0.53,0.53,Matches
Gift Links\fbfa9358,za RSA,FWMF,AGF,22,1998,21,11,940,10.4,1,1,1,0,0,2,0,0.1,0.1,0.19,0.1,0.19,Matches
Justin Lonwijk\9cf14be5,nl NED,MF,Viborg,21,1999,28,26,2135,23.7,3,3,3,0,0,6,0,0.13,0.13,0.25,0.13,0.25,Matches
Jonas Lössl\939bc634,dk DEN,GK,Midtjylland,32,1989,8,8,720,8,0,0,0,0,0,0,0,0,0,0,0,0,Matches
Vágner Love\6d4d9e18,br BRA,FW,Midtjylland,37,1984,9,0,106,1.2,1,0,1,0,0,0,0,0.85,0,0.85,0.85,0.85,Matches
Lucas Lund Pedersen\20087b70,dk DEN,GK,Viborg,21,2000,26,26,2340,26,0,0,0,0,0,2,0,0,0,0,0,0,Matches
Oliver Lund\e2cd47e0,dk DEN,DFMF,AGF,30,1990,26,18,1592,17.7,0,0,0,0,0,6,0,0,0,0,0,0,Matches
Lucas Lykkegaard\cc5343a8,dk DEN,DF,Nordsjælland,19,2002,1,0,23,0.3,0,0,0,0,0,0,0,0,0,0,0,0,Matches
Awer Mabil\922da988,au AUS,FW,Midtjylland,25,1995,9,2,295,3.3,1,3,1,0,0,1,0,0.31,0.92,1.22,0.31,1.22,Matches
Nicolas Madsen\6d7e4b06,dk DEN,MF,Midtjylland,21,2000,4,1,161,1.8,0,0,0,0,0,0,0,0,0,0,0,0,Matches
Milan Makari?\e88b0189,rs SRB,FW,Aalborg,25,1995,30,25,1837,20.4,8,4,8,0,0,2,0,0.39,0.2,0.59,0.39,0.59,Matches
Foday Manneh\790c793b,gm GAM,FW,Vejle BK,21,2000,1,0,9,0.1,0,0,0,0,0,0,0,0,0,0,0,0,Matches
Gustav Marcussen\2959525b,dk DEN,MF,Silkeborg,23,1998,3,0,29,0.3,0,0,0,0,0,0,0,0,0,0,0,0,Matches
Marrony\1dff86ec,br BRA,FW,Midtjylland,22,1999,7,2,208,2.3,0,0,0,0,0,1,0,0,0,0,0,0,Matches
Jens Martin Gammelby\b648463f,dk DEN,MF,Brøndby,26,1995,7,2,284,3.2,0,1,0,0,0,0,0,0,0.32,0.32,0,0.32,Matches
Erik Marxen\8db2c33b,dk DEN,DF,Nordsjælland,30,1990,8,7,615,6.8,0,0,0,0,0,0,0,0,0,0,0,0,Matches
Erik Marxen\8db2c33b,dk DEN,DF,Randers,30,1990,14,10,886,9.8,0,2,0,0,0,1,0,0,0.2,0.2,0,0.2,Matches
Pelle Mattsson\8769d39d,dk DEN,MF,Silkeborg,19,2001,18,0,196,2.2,0,0,0,0,0,0,0,0,0,0,0,0,Matches
Andreas Maxsø\52fdf512,dk DEN,DF,Brøndby,27,1994,27,27,2347,26.1,1,1,0,1,1,3,1,0.04,0.04,0.08,0,0.04,Matches
Oscar Meedom\a6579234,dk DEN,FW,Aalborg,15,2005,1,0,4,0,0,0,0,0,0,0,0,0,0,0,0,0,Matches
Jeff Mensah\bbeb2695,dk DEN,FW,Viborg,28,1992,6,1,188,2.1,0,0,0,0,0,1,0,0,0,0,0,0,Matches
Kevin Mensah\7d06360d,dk DEN,MFDF,Brøndby,30,1991,20,20,1748,19.4,1,1,1,0,0,2,0,0.05,0.05,0.1,0.05,0.1,Matches
Max Meyer\eba42d2b,de GER,MF,Midtjylland,25,1995,8,2,254,2.8,0,0,0,0,0,0,0,0,0,0,0,0,Matches
Thomas Mikkelsen\d0d98611,dk DEN,GK,Brøndby,37,1983,3,3,270,3,0,0,0,0,0,0,0,0,0,0,0,0,Matches
Patrick Mortensen\f95cb908,dk DEN,FW,AGF,32,1989,28,22,2054,22.8,6,2,4,2,2,5,0,0.26,0.09,0.35,0.18,0.26,Matches
Faris Moumbagna\58aae0a9,cm CMR,FW,SønderjyskE,21,2000,10,2,333,3.7,0,0,0,0,0,2,0,0,0,0,0,0,Matches
Victor Mpindi\a719c1ea,cm CMR,MF,SønderjyskE,24,1997,16,16,1313,14.6,1,0,1,0,0,4,0,0.07,0,0.07,0.07,0.07,Matches
Arbnor Mucolli\4a010ff6,al ALB,MFFW,Vejle BK,21,1999,26,25,2072,23,5,1,5,0,0,8,1,0.22,0.04,0.26,0.22,0.26,Matches
Paul Mukairu\dbfbdf06,ng NGA,MFFW,FC Copenhagen,21,2000,15,6,620,6.9,0,1,0,0,0,1,0,0,0.15,0.15,0,0.15,Matches
Alexander Munksgaard\5155fe21,dk DEN,DF,AGF,23,1997,17,13,1118,12.4,0,0,0,0,0,2,0,0,0,0,0,0,Matches
Tobias Mølgaard\3935715a,dk DEN,MFDF,Vejle BK,25,1996,24,23,1962,21.8,1,2,1,0,0,3,0,0.05,0.09,0.14,0.05,0.14,Matches
Adamo Nagalo\1e1f3918,ci CIV,DF,Nordsjælland,18,2002,27,23,2028,22.5,1,1,1,0,0,3,1,0.04,0.04,0.09,0.04,0.09,Matches
Marokhy Ndione\227691ea,se SWE,FW,Viborg,21,1999,2,0,56,0.6,0,0,0,0,0,0,0,0,0,0,0,0,Matches
Victor Nelsson\e53b5534,dk DEN,DF,FC Copenhagen,22,1998,2,1,92,1,0,0,0,0,0,1,0,0,0,0,0,0,Matches
Rasmus Nicolaisen\3f319bb9,dk DEN,DF,Midtjylland,24,1997,3,1,120,1.3,0,0,0,0,0,1,0,0,0,0,0,0,Matches
Oliver Nielsen\e97adead,dk DEN,DF,Vejle BK,18,2003,5,3,316,3.5,0,0,0,0,0,0,0,0,0,0,0,0,Matches
Emeka Nnamani\01ee9593,dk DEN,FW,Nordsjælland,19,2001,2,0,34,0.4,0,0,0,0,0,2,0,0,0,0,0,0,Matches
Anders Noshe\446a085a,dk DEN,FW,Aalborg,15,2006,1,0,4,0,0,0,0,0,0,0,0,0,0,0,0,0,Matches
Ernest Nuamah\234a703c,gh GHA,FW,Nordsjælland,17,2003,9,0,201,2.2,1,0,1,0,0,1,0,0.45,0,0.45,0.45,0.45,Matches
Raphael Nwadike\751a0fb5,ng NGA,MF,Midtjylland,20,2001,31,29,2542,28.2,2,2,2,0,0,7,0,0.07,0.07,0.14,0.07,0.14,Matches
Benjamin Nygren\d6ebf67f,se SWE,FWMF,Nordsjælland,20,2001,12,8,636,7.1,1,0,1,0,0,3,0,0.14,0,0.14,0.14,0.14,Matches
Stephen Odey\6a479195,ng NGA,FW,Randers,23,1998,23,21,1817,20.2,7,1,6,1,2,2,1,0.35,0.05,0.4,0.3,0.35,Matches
Ebenezer Ofori\a5d77c4e,gh GHA,MF,Vejle BK,26,1995,14,12,954,10.6,0,0,0,0,0,3,0,0,0,0,0,0,Matches
Andreas Oggesen\c6940c2e,dk DEN,MF,Silkeborg,27,1994,22,9,753,8.4,0,0,0,0,0,0,0,0,0,0,0,0,Matches
Emmanuel Ogura\b5528788,gh GHA,GK,Nordsjælland,19,2002,7,7,630,7,0,0,0,0,0,1,0,0,0,0,0,0,Matches
Marios Oikonomou\3b9858f5,gr GRE,DF,FC Copenhagen,28,1992,5,1,108,1.2,0,0,0,0,0,0,0,0,0,0,0,0,Matches
Rilwan Olanrewaju Hassan\932c9313,ng NGA,FWMF,SønderjyskE,30,1991,26,12,1142,12.7,1,0,1,0,0,3,0,0.08,0,0.08,0.08,0.08,Matches
Patrick Olsen\29c9b554,dk DEN,MFFW,AGF,27,1994,13,9,870,9.7,0,1,0,0,0,0,0,0,0.1,0.1,0,0.1,Matches
Vincent Onovo\b0a8d967,ng NGA,MF,Randers,25,1995,8,3,242,2.7,0,0,0,0,0,0,0,0,0,0,0,0,Matches
Jerome Opoku\091d6ee5,eng ENG,DF,Vejle BK,22,1998,20,17,1531,17,0,1,0,0,0,6,1,0,0.06,0.06,0,0.06,Matches
Moses Opondo\9049ebe8,ug UGA,MFFW,Odense,23,1997,13,4,377,4.2,1,2,1,0,0,0,0,0.24,0.48,0.72,0.24,0.72,Matches
David Ousted\28269907,dk DEN,GK,Midtjylland,36,1985,11,10,906,10.1,0,0,0,0,0,1,0,0,0,0,0,0,Matches
Kristoffer Pallesen\4000cb57,dk DEN,MFDF,Aalborg,31,1990,31,30,2563,28.5,0,5,0,0,0,8,0,0,0.18,0.18,0,0.18,Matches
Paulinho\f3fa599d,br BRA,MFDF,Midtjylland,26,1995,23,19,1518,16.9,1,1,1,0,0,5,0,0.06,0.06,0.12,0.06,0.12,Matches
Andrija Pavlovi?\f0e3b343,rs SRB,FW,Brøndby,27,1993,18,3,481,5.3,0,0,0,0,0,1,0,0,0,0,0,0,Matches
Andreas Pedersen\504a7cfa,dk DEN,FW,Nordsjælland,18,2003,5,2,145,1.6,0,0,0,0,0,1,0,0,0,0,0,0,Matches
Brandon Pierrick\9a526299,eng ENG,MF,Vejle BK,19,2001,3,0,39,0.4,0,0,0,0,0,0,0,0,0,0,0,0,Matches
Simon Piesinger\a7fb1a06,at AUT,DF,Randers,29,1992,31,29,2622,29.1,1,1,1,0,0,7,0,0.03,0.03,0.07,0.03,0.07,Matches
Andrés Ponce\d9600938,ve VEN,FW,Vejle BK,24,1996,25,13,1184,13.2,1,2,1,0,0,1,0,0.08,0.15,0.23,0.08,0.23,Matches
Nicolai Poulsen\661116ba,dk DEN,MF,AGF,27,1993,28,27,2225,24.7,1,0,1,0,0,11,0,0.04,0,0.04,0.04,0.04,Matches
Tim Prica\d646e08c,se SWE,FW,Aalborg,19,2002,16,2,483,5.4,1,0,1,0,0,0,0,0.19,0,0.19,0.19,0.19,Matches
Vladimir Prijovi?\11557b01,rs SRB,DF,Aalborg,19,2002,2,0,23,0.3,0,0,0,0,0,0,0,0,0,0,0,0,Matches
Louka Prip\6447d49f,dk DEN,MFFW,Aalborg,24,1997,32,28,2496,27.7,14,4,11,3,3,0,0,0.5,0.14,0.65,0.4,0.54,Matches
Dániel Prosser\1c2ce1ea,hu HUN,FWMF,SønderjyskE,27,1994,11,7,565,6.3,2,0,2,0,0,0,0,0.32,0,0.32,0.32,0.32,Matches
Andreas Pyndt Andersen\17e8b732,dk DEN,MF,Brøndby,20,2001,1,0,18,0.2,0,0,0,0,0,0,0,0,0,0,0,0,Matches
Josip Radoševi?\6afcaaa3,hr CRO,MF,Brøndby,27,1994,26,24,2070,23,1,1,1,0,0,3,1,0.04,0.04,0.09,0.04,0.09,Matches
Elías Rafn Ólafsson\99047b00,is ISL,GK,Midtjylland,21,2000,14,14,1254,13.9,0,1,0,0,0,1,0,0,0.07,0.07,0,0.07,Matches
Søren Reese\816af57d,dk DEN,DF,SønderjyskE,28,1993,8,6,508,5.6,0,1,0,0,0,1,0,0,0.18,0.18,0,0.18,Matches
Charles Rigon Matos\6ff91a3a,br BRA,MFFW,Midtjylland,25,1996,23,9,915,10.2,1,1,1,0,0,4,0,0.1,0.1,0.2,0.1,0.2,Matches
Jacob Rinne\09d131ed,se SWE,GK,Aalborg,28,1993,32,32,2880,32,0,0,0,0,0,1,0,0,0,0,0,0,Matches
Blas Riveros\87d8b5a3,py PAR,DFMF,Brøndby,23,1998,18,15,1315,14.6,0,4,0,0,0,0,0,0,0.27,0.27,0,0.27,Matches
Oliver Rose-Villadsen\cc8165ec,dk DEN,DFMF,Nordsjælland,19,2001,32,31,2655,29.5,5,5,5,0,0,2,0,0.17,0.17,0.34,0.17,0.34,Matches
Mathias Ross\549d4e3e,dk DEN,DF,Aalborg,20,2001,27,24,1958,21.8,1,0,1,0,0,10,1,0.05,0,0.05,0.05,0.05,Matches
Oliver Ross\9d4303f7,dk DEN,MF,Aalborg,16,2004,10,1,286,3.2,0,0,0,0,0,2,0,0,0,0,0,0,Matches
Sigurd Rosted\5777eca0,no NOR,DF,Brøndby,27,1994,26,24,2115,23.5,1,2,1,0,0,8,0,0.04,0.09,0.13,0.04,0.13,Matches
Rufo\00174fb2,es ESP,MFFW,Aalborg,28,1993,6,2,162,1.8,0,1,0,0,0,1,0,0,0.56,0.56,0,0.56,Matches
Nicklas Røjkjær\0d938ef6,dk DEN,DF,Silkeborg,23,1998,10,1,204,2.3,1,0,1,0,0,0,0,0.44,0,0.44,0.44,0.44,Matches
Look Saa Mickelson\d5088b9a,th THA,DF,Odense,22,1999,24,24,2060,22.9,0,2,0,0,0,2,0,0,0.09,0.09,0,0.09,Matches
Emmanuel Sabbi\2e1b7c83,us USA,MF,Odense,23,1997,30,25,2162,24,3,3,2,1,1,6,0,0.12,0.12,0.25,0.08,0.21,Matches
Ibrahim Sadiq\9200d432,gh GHA,MFFW,Nordsjælland,21,2000,6,2,183,2,0,0,0,0,0,1,0,0,0,0,0,0,Matches
Valdemar Sadrifar\d00fee0b,ir IRN,FW,Vejle BK,20,2001,1,0,9,0.1,0,0,0,0,0,0,0,0,0,0,0,0,Matches
Ibrahim Said\1815ae03,ng NGA,FW,Viborg,19,2002,19,4,526,5.8,1,1,1,0,0,2,0,0.17,0.17,0.34,0.17,0.34,Matches
Yousef Salech\4cf80d1d,dk DEN,FW,Brøndby,19,2002,2,0,23,0.3,0,0,0,0,0,1,0,0,0,0,0,0,Matches
Tobias Salquist\4467ad95,dk DEN,DF,Silkeborg,26,1995,32,32,2875,31.9,3,0,3,0,0,2,0,0.09,0,0.09,0.09,0.09,Matches
Bubacarr Sanneh\586b19eb,gm GAM,DF,SønderjyskE,26,1994,8,6,552,6.1,0,1,0,0,0,0,0,0,0.16,0.16,0,0.16,Matches
Andreas Schjelderup\a427724f,no NOR,FWMF,Nordsjælland,17,2004,22,16,1357,15.1,4,0,2,2,2,2,0,0.27,0,0.27,0.13,0.13,Matches
Philipp Schmiedl\68f0287a,at AUT,DF,SønderjyskE,24,1997,3,0,18,0.2,0,0,0,0,0,0,0,0,0,0,0,0,Matches
Jacob Schoop\17eb6b55,dk DEN,MF,Vejle BK,32,1988,11,9,721,8,0,1,0,0,0,1,0,0,0.12,0.12,0,0.12,Matches
Robin Schouten\12dc7025,nl NED,MF,SønderjyskE,23,1998,5,1,93,1,0,0,0,0,0,0,0,0,0,0,0,0,Matches
Alexander Simmelhack\7cbd9f32,dk DEN,FW,Randers,15,2005,2,0,23,0.3,0,0,0,0,0,0,0,0,0,0,0,0,Matches
Ayo Simon Okosun\9e8e1a60,dk DEN,MF,Odense,28,1993,21,12,1104,12.3,1,0,1,0,0,4,0,0.08,0,0.08,0.08,0.08,Matches
Jeppe Simonsen\6c3d5243,ht HAI,FWDF,SønderjyskE,25,1995,13,8,802,8.9,1,1,1,0,0,2,0,0.11,0.11,0.22,0.11,0.22,Matches
Doguhan Simsir\f91fa277,dk DEN,FW,Midtjylland,19,2002,1,0,17,0.2,0,0,0,0,0,0,0,0,0,0,0,0,Matches
Jagvir Singh Sidhu\ddc5a43e,dk DEN,FW,Brøndby,20,2001,4,0,38,0.4,0,0,0,0,0,1,0,0,0,0,0,0,Matches
Luther Singh\e4377b65,za RSA,FWMF,FC Copenhagen,23,1997,4,0,63,0.7,0,0,0,0,0,0,0,0,0,0,0,0,Matches
Pione Sisto\fd9c4805,dk DEN,FWMF,Midtjylland,26,1995,24,15,1419,15.8,2,3,2,0,0,3,0,0.13,0.19,0.32,0.13,0.32,Matches
Anton Skipper\9430626a,dk DEN,DFMF,Brøndby,21,2000,5,5,293,3.3,0,0,0,0,0,1,0,0,0,0,0,0,Matches
Jørgen Skjelvik\7bfd96fd,no NOR,DF,Odense,30,1991,29,23,2156,24,3,2,3,0,0,1,0,0.13,0.08,0.21,0.13,0.21,Matches
Tobias Slotsager\a20b6f5e,dk DEN,DF,Odense,15,2006,1,0,12,0.1,0,0,0,0,0,0,0,0,0,0,0,0,Matches
Oliver Sonne\b66b8d5e,dk DEN,DF,Silkeborg,20,2000,15,8,766,8.5,0,1,0,0,0,1,0,0,0.12,0.12,0,0.12,Matches
Maxime Soulas\49a26a39,fr FRA,DF,SønderjyskE,22,1999,13,10,862,9.6,0,0,0,0,0,3,0,0,0,0,0,0,Matches
Allan Sousa\0bc03d9f,br BRA,FWMF,Vejle BK,24,1997,28,25,2192,24.4,2,3,0,2,2,8,0,0.08,0.12,0.21,0,0.12,Matches
Jens Stage\1fffae99,dk DEN,MF,FC Copenhagen,24,1996,22,19,1714,19,5,1,5,0,0,4,0,0.26,0.05,0.32,0.26,0.32,Matches
Orri Steinn Óskarsson\d0b8e745,is ISL,FW,FC Copenhagen,16,2004,1,0,19,0.2,0,0,0,0,0,0,0,0,0,0,0,0,Matches
Sander Svendsen\da60fd2a,no NOR,MF,Odense,23,1997,13,7,670,7.4,4,1,4,0,0,0,0,0.54,0.13,0.67,0.54,0.67,Matches
Daniel Svensson\124c9382,se SWE,DFMF,Nordsjælland,19,2002,27,10,1022,11.4,1,0,1,0,0,1,0,0.09,0,0.09,0.09,0.09,Matches
Erik Sviatchenko\9614b550,dk DEN,DF,Midtjylland,29,1991,25,22,1894,21,4,0,4,0,0,4,0,0.19,0,0.19,0.19,0.19,Matches
Mads Søndergaard\ee6cff70,dk DEN,MF,Viborg,18,2002,5,0,103,1.1,0,0,0,0,0,0,0,0,0,0,0,0,Matches
Christian Sørensen\c8829a58,dk DEN,DF,Viborg,28,1992,32,32,2880,32,2,8,2,0,0,4,0,0.06,0.25,0.31,0.06,0.31,Matches
Abdulrahman Taiwo\798ecc4d,ng NGA,FW,SønderjyskE,22,1998,15,10,919,10.2,1,2,1,0,0,3,0,0.1,0.2,0.29,0.1,0.29,Matches
Duplexe Tchamba\75926036,cm CMR,DF,SønderjyskE,23,1998,26,20,1911,21.2,2,0,2,0,0,2,0,0.09,0,0.09,0.09,0.09,Matches
Søren Tengstedt\3476496c,dk DEN,FW,AGF,21,2000,2,0,14,0.2,0,0,0,0,0,1,0,0,0,0,0,0,Matches
Søren Tengstedt\3476496c,dk DEN,FW,Silkeborg,21,2000,21,1,312,3.5,2,1,2,0,0,0,0,0.58,0.29,0.87,0.58,0.87,Matches
Rasmus Thelander\c4cf42db,dk DEN,DF,Aalborg,30,1991,27,27,2427,27,3,0,3,0,0,5,1,0.11,0,0.11,0.11,0.11,Matches
Lawrence Thomas\14667592,au AUS,GK,SønderjyskE,29,1992,24,24,2160,24,0,0,0,0,0,0,0,0,0,0,0,0,Matches
Nicolaj Thomsen\e2bf2abc,dk DEN,MF,SønderjyskE,28,1993,14,11,939,10.4,1,3,1,0,0,2,1,0.1,0.29,0.38,0.1,0.38,Matches
Simon Tibbling\5f8aecce,se SWE,MF,Randers,26,1994,26,15,1173,13,0,2,0,0,0,6,0,0,0.15,0.15,0,0.15,Matches
Frederik Tingager\41a6985e,dk DEN,DF,AGF,28,1993,24,17,1571,17.5,2,0,2,0,0,2,0,0.11,0,0.11,0.11,0.11,Matches
Victor Torp\e8cc2cbb,dk DEN,MF,Midtjylland,22,1999,1,0,9,0.1,0,0,0,0,0,0,0,0,0,0,0,0,Matches
Aleksandar Trajkovski\84bba8b6,mk MKD,FW,Aalborg,28,1992,7,3,279,3.1,0,0,0,0,0,0,0,0,0,0,0,0,Matches
Kevin Tshiembe\fdae8b47,dk DEN,DF,Brøndby,24,1997,19,17,1488,16.5,0,1,0,0,0,3,0,0,0.06,0.06,0,0.06,Matches
Jeppe Tverskov\898b9fd1,dk DEN,DFMF,Odense,28,1993,26,25,2248,25,0,1,0,0,0,4,0,0,0.04,0.04,0,0.04,Matches
Mikael Uhre\be84c466,dk DEN,FW,Brøndby,26,1994,16,15,1193,13.3,11,1,11,0,0,1,0,0.83,0.08,0.91,0.83,0.91,Matches
Nicolai Vallys\d40fd89d,dk DEN,FWMF,Silkeborg,24,1996,32,31,2786,31,10,10,10,0,0,3,0,0.32,0.32,0.65,0.32,0.65,Matches
Denis Vavro\08990838,sk SVK,DF,FC Copenhagen,25,1996,14,14,1259,14,1,1,1,0,0,4,0,0.07,0.07,0.14,0.07,0.14,Matches
William Vick\731302dc,dk DEN,MFFW,FC Copenhagen,18,2003,26,15,1266,14.1,2,3,2,0,0,0,0,0.14,0.21,0.36,0.14,0.36,Matches
Peter Vindahl Jensen\7b433ed0,dk DEN,GK,Nordsjælland,23,1998,5,5,450,5,0,0,0,0,0,0,0,0,0,0,0,0,Matches
Rasmus Vinderslev\4429b651,dk DEN,MFDF,SønderjyskE,23,1997,27,12,1253,13.9,0,0,0,0,0,0,0,0,0,0,0,0,Matches
Kasper Waarst Høgh\a99ea089,dk DEN,FWMF,Aalborg,20,2000,15,4,581,6.5,3,0,3,0,0,1,0,0.46,0,0.46,0.46,0.46,Matches
Leo Walta\a0d23533,fi FIN,MF,Nordsjælland,18,2003,14,2,397,4.4,0,1,0,0,0,2,0,0,0.23,0.23,0,0.23,Matches
Rasmus Wikström\1f050b89,se SWE,DF,Brøndby,20,2001,1,0,8,0.1,0,0,0,0,0,0,0,0,0,0,0,0,Matches
Kamil Wilczek\8513b4e6,pl POL,FW,FC Copenhagen,33,1988,6,3,288,3.2,1,0,1,0,0,0,0,0.31,0,0.31,0.31,0.31,Matches
Jack Wilshere\9c318325,eng ENG,MF,AGF,29,1992,14,7,702,7.8,0,1,0,0,0,3,0,0,0.13,0.13,0,0.13,Matches
Jonas Wind\2077ae86,dk DEN,FW,FC Copenhagen,22,1999,16,15,1293,14.4,6,2,5,1,1,3,0,0.42,0.14,0.56,0.35,0.49,Matches
Maxwell Woledzi\2b8798a6,gh GHA,DF,Nordsjælland,20,2001,14,4,556,6.2,0,1,0,0,0,2,0,0,0.16,0.16,0,0.16,Matches
Arthur Yamga\77f55dd8,cm CMR,DF,Vejle BK,24,1996,7,5,501,5.6,0,1,0,0,0,1,0,0,0.18,0.18,0,0.18,Matches
Jan Žamb?rek\395880a4,cz CZE,MF,Viborg,20,2001,13,3,355,3.9,0,1,0,0,0,3,0,0,0.25,0.25,0,0.25,Matches
Zeca\f15b778f,gr GRE,MF,FC Copenhagen,32,1988,11,11,911,10.1,1,1,1,0,0,4,0,0.1,0.1,0.2,0.1,0.2,Matches
Guðmundur Þórarinsson\ded30989,is ISL,MFDF,Aalborg,29,1992,6,4,356,4,0,0,0,0,0,0,0,0,0,0,0,0,Matches
Stefán Þórðarson\ed9daa96,is ISL,MF,Silkeborg,22,1998,28,19,1529,17,2,2,2,0,0,3,0,0.12,0.12,0.24,0.12,0.24,Matches
Aron Þrándarson\6175499e,is ISL,MF,Odense,26,1994,22,17,1554,17.3,0,2,0,0,0,4,0,0,0.12,0.12,0,0.12,Matches
Luka ?or?evi?\ea0cc5c5,me MNE,FW,Vejle BK,27,1994,20,11,993,11,5,0,5,0,0,1,0,0.45,0,0.45,0.45,0.45,Matches
