Player,Nation,Pos,Squad,Age,Born,90s,Gls,Sh,SoT,SoT%,Sh/90,SoT/90,G/Sh,G/SoT,Dist,FK,PK,PKatt,Matches
Dickson Abiama\cadd666a,ng NGA,FW,Greuther Fürth,22,1998,8.1,0,18,4,22.2,2.23,0.5,0,0,15.6,0,0,0,Matches
Ragnar Ache\dc38e3bc,de GER,MFFW,Eint Frankfurt,23,1998,2.9,0,11,2,18.2,3.82,0.69,0,0,15.8,0,0,0,Matches
Tyler Adams\2b09d998,us USA,MF,RB Leipzig,22,1999,15,0,2,0,0,0.13,0,0,,19.4,0,0,0,Matches
Sargis Adamyan\22919e97,am ARM,FWMF,Hoffenheim,28,1993,3.7,1,3,2,66.7,0.82,0.54,0.33,0.5,16.7,0,0,0,Matches
Amine Adli\dcfb17f4,fr FRA,FWMF,Leverkusen,21,2000,14,3,38,19,50,2.72,1.36,0.08,0.16,15.3,0,0,0,Matches
Naouirou Ahamada\a6c58494,fr FRA,MF,Stuttgart,19,2002,0.7,0,0,0,,0,0,,,,0,0,0,Matches
Manuel Akanji\89ac64a6,ch SUI,DF,Dortmund,26,1995,25.1,1,14,3,21.4,0.56,0.12,0.07,0.33,10.4,1,0,0,Matches
Kevin Akpoguma\6ec6fde0,ng NGA,DF,Hoffenheim,26,1995,17,2,12,4,33.3,0.71,0.24,0.17,0.5,12.7,0,0,0,Matches
Lucas Alario\834d0be5,ar ARG,FW,Leverkusen,28,1992,7.3,6,23,13,56.5,3.16,1.79,0.26,0.46,11.2,0,0,1,Matches
Nadiem Amiri\555d5edd,de GER,MFFW,Leverkusen,24,1996,4.1,1,8,2,25,1.95,0.49,0.13,0.5,20.1,1,0,0,Matches
Sebastian Andersson\b4cf5806,se SWE,FW,Köln,30,1991,14,3,35,13,37.1,2.51,0.93,0.09,0.23,11.3,0,0,0,Matches
Andrés Andrade Cedeño\6ea23758,pa PAN,DF,Arminia,22,1998,11.6,0,7,3,42.9,0.6,0.26,0,0,19.6,0,0,0,Matches
Fredrik André Bjørkan\3724baa1,no NOR,DF,Hertha BSC,22,1998,3.9,0,0,0,,0,0,,,,0,0,0,Matches
Robert Andrich\e0b113a7,de GER,MF,Leverkusen,26,1994,20.2,4,30,7,23.3,1.49,0.35,0.13,0.57,17.5,1,0,0,Matches
Angeliño\30941e96,es ESP,DF,RB Leipzig,24,1997,25.5,2,15,7,46.7,0.59,0.27,0.13,0.29,16.4,0,0,0,Matches
Waldemar Anton\5e66fa06,de GER,DF,Stuttgart,25,1996,28.8,2,23,6,26.1,0.8,0.21,0.09,0.33,13.8,0,0,0,Matches
Christopher Antwi-Adjei\0a3f6cde,gh GHA,FWMF,Bochum,27,1994,12.6,1,29,10,34.5,2.31,0.8,0.03,0.1,14.9,0,0,0,Matches
Charles Aránguiz\56413b1f,cl CHI,MF,Leverkusen,32,1989,17.5,1,11,3,27.3,0.63,0.17,0.09,0.33,19,0,0,0,Matches
Maximilian Arnold\86e119e0,de GER,MF,Wolfsburg,27,1994,33.3,4,40,14,35,1.2,0.42,0.1,0.29,31.7,13,0,0,Matches
Takuma Asano\13ddc856,jp JPN,FWMF,Bochum,26,1994,17.9,3,32,11,34.4,1.79,0.62,0.09,0.27,17,0,0,0,Matches
Santiago Ascacíbar\e26fcca3,ar ARG,MF,Hertha BSC,24,1997,26.4,0,13,1,7.7,0.49,0.04,0,0,17.1,0,0,0,Matches
Fisnik Asllani\35f67a30,xk KVX,MFFW,Hoffenheim,18,2002,0.1,0,0,0,,0,0,,,,0,0,0,Matches
Simon Asta\dfc85b89,de GER,DF,Greuther Fürth,20,2001,8.7,0,3,0,0,0.34,0,0,,15,0,0,0,Matches
Taiwo Awoniyi\e5478b87,ng NGA,FW,Union Berlin,23,1997,24.2,15,66,30,45.5,2.73,1.24,0.2,0.43,12.9,0,2,2,Matches
Sardar Azmoun\10549b49,ir IRN,FWMF,Leverkusen,26,1995,4,1,10,4,40,2.51,1,0.1,0.25,12.4,0,0,0,Matches
Mitchel Bakker\a8567629,nl NED,DF,Leverkusen,21,2000,20.2,0,9,2,22.2,0.44,0.1,0,0,20.4,0,0,0,Matches
Ridle Baku\442b56fa,de GER,DFFW,Wolfsburg,23,1998,27.2,3,37,8,21.6,1.36,0.29,0.08,0.38,20,0,0,0,Matches
Aymen Barkok\a2a85828,ma MAR,MFFW,Eint Frankfurt,23,1998,1.8,0,2,1,50,1.13,0.56,0,0,29.5,0,0,0,Matches
Leandro Barreiro Martins\00242b75,lu LUX,MF,Mainz 05,21,2000,19.9,1,32,9,28.1,1.61,0.45,0.03,0.11,18.2,0,0,0,Matches
Jacob Barrett Laursen\c0d3bd23,dk DEN,DF,Arminia,26,1994,18.1,2,8,4,50,0.44,0.22,0.25,0.5,24,0,0,0,Matches
Abdourahmane Barry\8df328f4,fr FRA,DF,Greuther Fürth,21,2000,2.3,0,1,0,0,0.43,0,0,,23,0,0,0,Matches
Maximilian Bauer\44a20f0c,de GER,DF,Greuther Fürth,21,2000,18.8,0,6,1,16.7,0.32,0.05,0,0,10.4,0,0,0,Matches
Oliver Baumann\47064058,de GER,GK,Hoffenheim,31,1990,33,0,0,0,,0,0,,,,0,0,0,Matches
Timo Baumgartl\bd7d2e6d,de GER,DF,Union Berlin,25,1996,24.1,1,13,4,30.8,0.54,0.17,0.08,0.25,8.7,0,0,0,Matches
Julian Baumgartlinger\69374ff5,at AUT,MF,Leverkusen,33,1988,1,0,0,0,,0,0,,,,0,0,0,Matches
Christoph Baumgartner\437f2b00,at AUT,MFFW,Hoffenheim,21,1999,21,7,42,17,40.5,2,0.81,0.17,0.41,13.2,0,0,0,Matches
Noah Joel Sarenren Bazee\fbbc8e15,ng NGA,MFFW,Augsburg,24,1996,2.7,1,7,3,42.9,2.61,1.12,0.14,0.33,13.8,0,0,0,Matches
Ihlas Bebou\a53b661f,tg TOG,FWDF,Hoffenheim,27,1994,23.2,7,45,14,31.1,1.94,0.6,0.16,0.5,12,0,0,0,Matches
Sheraldo Becker\8eb55dbb,sr SUR,FWMF,Union Berlin,26,1995,19.5,4,37,18,48.6,1.89,0.92,0.11,0.22,20.4,1,0,0,Matches
Kevin Behrens\30ae134d,de GER,FW,Union Berlin,30,1991,5.5,2,16,7,43.8,2.89,1.26,0.13,0.29,11.1,0,0,0,Matches
Ishak Belfodil\ff182fdc,dz ALG,FW,Hertha BSC,29,1992,18.2,5,34,17,50,1.87,0.94,0.12,0.24,12.5,0,1,1,Matches
Stefan Bell\857a5abe,de GER,DF,Mainz 05,29,1991,31.8,2,22,5,22.7,0.69,0.16,0.09,0.4,9.3,0,0,0,Matches
Armel Bella Kotchap\a39d11bc,de GER,DF,Bochum,19,2001,19.6,0,10,3,30,0.51,0.15,0,0,16.1,0,0,0,Matches
Karim Bellarabi\bee0bab1,de GER,FWDF,Leverkusen,31,1990,7.6,3,28,11,39.3,3.69,1.45,0.11,0.27,17.3,0,0,0,Matches
Jude Bellingham\57d88cf9,eng ENG,MF,Dortmund,18,2003,31,3,44,12,27.3,1.42,0.39,0.07,0.25,17.3,0,0,0,Matches
George Bello\aca0a525,us USA,DF,Arminia,19,2002,4.8,0,3,0,0,0.62,0,0,,23.9,0,0,0,Matches
László Bénes\fe888e39,sk SVK,MF,M'Gladbach,23,1997,2.7,0,7,5,71.4,2.56,1.83,0,0,22,2,0,0,Matches
Keanan Bennetts\f4c7c708,eng ENG,FWDF,M'Gladbach,22,1999,0.6,0,1,0,0,1.8,0,0,,19.6,0,0,0,Matches
Ramy Bensebaini\378825c7,dz ALG,DF,M'Gladbach,26,1995,22.4,4,29,7,24.1,1.29,0.31,0.07,0.29,16.3,1,2,2,Matches
Louis Beyer\9af1f9ff,de GER,DF,M'Gladbach,21,2000,15.4,0,7,0,0,0.46,0,0,,11.1,0,0,0,Matches
Bartosz Bialek\763b8b37,pl POL,FW,Wolfsburg,19,2001,2,0,7,2,28.6,3.54,1.01,0,0,11.9,0,0,0,Matches
Ermin Bi?ak?i?\7aac47fe,ba BIH,DF,Hoffenheim,31,1990,0.1,0,0,0,,0,0,,,,0,0,0,Matches
Tom Bischof\07d3bfec,de GER,MFFW,Hoffenheim,16,2005,0.2,0,0,0,,0,0,,,,0,0,0,Matches
Danny Blum\eb61713c,de GER,FWMF,Bochum,30,1991,3.8,2,11,5,45.5,2.86,1.3,0.18,0.4,16.6,1,0,0,Matches
Kevin-Prince Boateng\f4ec4fd0,gh GHA,MFFW,Hertha BSC,34,1987,7.7,0,10,2,20,1.29,0.26,0,0,21.1,0,0,0,Matches
Herbert Bockhorn\5ad8c360,de GER,DF,Bochum,26,1995,9.4,0,7,2,28.6,0.74,0.21,0,0,22.6,1,0,0,Matches
Jean-Paul Boëtius\635f2732,nl NED,MF,Mainz 05,27,1994,20,2,24,8,33.3,1.2,0.4,0.08,0.25,22.1,1,0,0,Matches
Tarsis Bonga\6ebbc28a,de GER,FW,Bochum,24,1997,0.2,0,3,1,33.3,15.88,5.29,0,0,13.6,0,0,0,Matches
Solomon Bonnah\dd7b6eb8,nl NED,DF,RB Leipzig,17,2003,0.1,0,0,0,,0,0,,,,0,0,0,Matches
Sebastiaan Bornauw\01834aa0,be BEL,DF,Wolfsburg,22,1999,22.3,1,13,4,30.8,0.58,0.18,0.08,0.25,9.8,0,0,0,Matches
Rafael Borré\c68da769,co COL,FW,Eint Frankfurt,25,1995,26.4,8,51,24,47.1,1.93,0.91,0.16,0.33,13.5,0,0,0,Matches
Dedryck Boyata\7c473e12,be BEL,DF,Hertha BSC,30,1990,21.1,0,10,2,20,0.47,0.09,0,0,8.9,0,0,0,Matches
Julian Brandt\a167537f,de GER,MFFW,Dortmund,25,1996,23.1,9,34,15,44.1,1.47,0.65,0.26,0.6,16.5,0,0,0,Matches
Iker Bravo\db8c8860,es ESP,FW,Leverkusen,16,2005,0.1,0,0,0,,0,0,,,,0,0,0,Matches
Fabian Bredlow\d28339cb,de GER,GK,Stuttgart,26,1995,4,0,0,0,,0,0,,,,0,0,0,Matches
Josip Brekalo\d4a2533d,hr CRO,MF,Wolfsburg,23,1998,0.2,0,0,0,,0,0,,,,0,0,0,Matches
Brian Brobbey\4c184730,nl NED,FW,RB Leipzig,19,2002,1.5,0,4,0,0,2.75,0,0,,7.8,0,0,0,Matches
John Brooks\e27da244,us USA,DF,Wolfsburg,28,1993,29.1,1,12,2,16.7,0.41,0.07,0.08,0.5,13,0,0,0,Matches
Daniel Brosinski\a7813ac4,de GER,DF,Mainz 05,33,1988,4.3,0,1,0,0,0.23,0,0,,45,0,0,0,Matches
Cédric Brunner\f0a37d36,ch SUI,DF,Arminia,27,1994,24.3,0,10,0,0,0.41,0,0,,26.9,0,0,0,Matches
Jacob Bruun Larsen\4e204552,dk DEN,FWMF,Hoffenheim,22,1998,9,4,18,7,38.9,2,0.78,0.22,0.57,11.9,0,0,0,Matches
Sascha Burchert\25bdea4b,de GER,GK,Greuther Fürth,31,1989,14,0,0,0,,0,0,,,,0,0,0,Matches
Delano Burgzorg\05e2d5ea,nl NED,FW,Mainz 05,22,1998,0.3,1,2,1,50,6.67,3.33,0.5,1,12.2,0,0,0,Matches
Jonathan Burkardt\05f99a4a,de GER,FWMF,Mainz 05,21,2000,29,11,77,33,42.9,2.65,1.14,0.13,0.3,14.1,0,1,1,Matches
Roman Bürki\9d12e142,ch SUI,GK,Dortmund,30,1990,1,0,0,0,,0,0,,,,0,0,0,Matches
Jamie Bynoe-Gittens\10745192,eng ENG,FW,Dortmund,16,2004,1.5,0,1,1,100,0.67,0.67,0,0,12,0,0,0,Matches
Daniel Caligiuri\d1273f09,it ITA,DFMF,Augsburg,33,1988,22.3,4,34,11,32.4,1.53,0.49,0.03,0.09,23.4,5,3,3,Matches
Emre Can\a65ce836,de GER,DFMF,Dortmund,27,1994,18.8,5,6,2,33.3,0.32,0.11,0.17,0.5,30.6,0,4,4,Matches
Koen Casteels\db401046,be BEL,GK,Wolfsburg,29,1992,28,0,0,0,,0,0,,,,0,0,0,Matches
Gonzalo Castro\68829001,de GER,MFFW,Arminia,34,1987,4.8,1,8,2,25,1.65,0.41,0.13,0.5,20.9,2,0,0,Matches
Julian Chabot\ae7058f9,de GER,DF,Köln,23,1998,2.3,0,0,0,,0,0,,,,0,0,0,Matches
Timothy Chandler\b3b7f5a6,us USA,DF,Eint Frankfurt,31,1990,13.5,0,13,3,23.1,0.97,0.22,0,0,15,0,0,0,Matches
Justin Che\3c569f37,us USA,DFMF,Hoffenheim,17,2003,0.5,0,1,0,0,2.2,0,0,,11.4,0,0,0,Matches
Max Christiansen\e7b899b8,de GER,MF,Greuther Fürth,24,1996,22.8,0,10,1,10,0.44,0.04,0,0,23.5,0,0,0,Matches
Kingsley Coman\042e8a49,fr FRA,FWDF,Bayern Munich,25,1996,15.1,6,46,20,43.5,3.05,1.32,0.13,0.3,16.9,0,0,0,Matches
Lucas Copado\8356931a,de GER,FW,Bayern Munich,17,2004,0.2,0,1,0,0,5.63,0,0,,18,0,0,0,Matches
Sergio Córdova\229cd98a,ve VEN,FWMF,Augsburg,23,1997,3.6,0,7,1,14.3,1.92,0.27,0,0,10,0,0,0,Matches
Danny da Costa\5ddb8f9f,de GER,DF,Eint Frankfurt,28,1993,8.1,0,2,0,0,0.25,0,0,,12.8,0,0,0,Matches
Tanguy Coulibaly\05ba9d7c,fr FRA,DFFW,Stuttgart,20,2001,12,0,13,3,23.1,1.08,0.25,0,0,16.3,0,0,0,Matches
Mickaël Cuisance\5722eced,fr FRA,MF,Bayern Munich,21,1999,0.1,0,0,0,,0,0,,,,0,0,0,Matches
Matheus Cunha\dc62b55d,br BRA,FW,Hertha BSC,22,1999,0.7,0,3,1,33.3,4.22,1.41,0,0,8.8,0,0,0,Matches
Rafael Czichos\b0a0698b,de GER,DF,Köln,31,1990,15.6,0,2,0,0,0.13,0,0,,6.1,0,0,0,Matches
Lennart-Marten Czyborra\7ba1f1ef,de GER,DF,Arminia,22,1999,1.5,0,0,0,,0,0,,,,0,0,0,Matches
Moanes Dabbur\eac044ad,il ISR,FWMF,Hoffenheim,29,1992,14.6,3,33,9,27.3,2.27,0.62,0.09,0.33,12,0,0,0,Matches
Finn Dahmen\dee3013b,de GER,GK,Mainz 05,23,1998,2,0,0,0,,0,0,,,,0,0,0,Matches
Mahmoud Dahoud\db4ed67b,de GER,MF,Dortmund,25,1996,18.4,2,22,4,18.2,1.19,0.22,0.09,0.5,22.3,0,0,0,Matches
Márton Dárdai\41bff4fa,de GER,DF,Hertha BSC,19,2002,8.4,0,4,3,75,0.48,0.36,0,0,14.3,0,0,0,Matches
Vladimír Darida\3eb0f2df,cz CZE,MF,Hertha BSC,30,1990,19.8,2,24,9,37.5,1.21,0.45,0.08,0.22,20.6,1,0,0,Matches
Alphonso Davies\d781d855,ca CAN,DF,Bayern Munich,20,2000,19.3,0,18,6,33.3,0.93,0.31,0,0,15.7,0,0,0,Matches
Saulo Decarli\41df88b8,ch SUI,DF,Bochum,29,1992,0.1,0,1,1,100,10,10,0,0,14,0,0,0,Matches
Thomas Delaney\fe641c1a,dk DEN,MF,Dortmund,29,1991,0.2,0,0,0,,0,0,,,,0,0,0,Matches
Kerem Demirbay\54b4dc4e,de GER,MF,Leverkusen,28,1993,22.8,1,36,11,30.6,1.58,0.48,0,0,24.6,6,1,2,Matches
Ermedin Demirovi?\ed79b7d3,ba BIH,FWMF,Freiburg,23,1998,9.7,2,26,9,34.6,2.69,0.93,0.08,0.22,12.7,0,0,0,Matches
Mike van der Hoorn\25f50295,nl NED,DF,Arminia,28,1992,0.2,0,0,0,,0,0,,,,0,0,0,Matches
Moussa Diaby\aeed5c06,fr FRA,FWMF,Leverkusen,22,1999,30.7,13,53,27,50.9,1.73,0.88,0.25,0.48,16.6,0,0,1,Matches
Daniel Didavi\d3096421,de GER,FWMF,Stuttgart,31,1990,3.1,0,7,3,42.9,2.27,0.97,0,0,16.5,1,0,0,Matches
Javairô Dilrosun\34a0f5ff,nl NED,FW,Hertha BSC,23,1998,1.5,0,1,0,0,0.65,0,0,,20.9,0,0,0,Matches
Lee Dongjun\96d0b6f0,kr KOR,MF,Hertha BSC,24,1997,1.3,0,3,1,33.3,2.29,0.76,0,0,12,0,0,0,Matches
Niklas Dorsch\7f73bdf4,de GER,MF,Augsburg,23,1998,25.8,1,12,1,8.3,0.46,0.04,0.08,1,28.2,0,0,0,Matches
Ondrej Duda\79ca3e23,sk SVK,MF,Köln,26,1994,17.9,2,42,15,35.7,2.35,0.84,0.05,0.13,19.1,0,0,0,Matches
Jeremy Dudziak\5a8d6540,tn TUN,MFFW,Greuther Fürth,25,1995,12.6,2,16,4,25,1.27,0.32,0.13,0.5,13.9,0,0,0,Matches
Erik Durm\cf623c78,de GER,DF,Eint Frankfurt,29,1992,5.3,0,1,0,0,0.19,0,0,,35,0,0,0,Matches
Maximilian Eggestein\beb882a8,de GER,MF,Freiburg,24,1996,24.4,1,24,6,25,0.98,0.25,0.04,0.17,20.5,0,0,0,Matches
Lilian Egloff\2f7fec15,de GER,FWMF,Stuttgart,18,2002,0.3,0,0,0,,0,0,,,,0,0,0,Matches
Kingsley Ehizibue\76b2817e,nl NED,DF,Köln,26,1995,7.6,0,6,0,0,0.79,0,0,,23.7,0,0,0,Matches
Julian Eitschberger\943b9602,de GER,DF,Hertha BSC,17,2004,0.5,0,0,0,,0,0,,,,0,0,0,Matches
Jurgen Ekkelenkamp\73d6a176,nl NED,MFFW,Hertha BSC,21,2000,8,3,14,4,28.6,1.75,0.5,0.21,0.75,13.9,0,0,0,Matches
Nico Elvedi\48035304,ch SUI,DF,M'Gladbach,24,1996,27,1,14,1,7.1,0.52,0.04,0.07,1,9,0,0,0,Matches
Breel Embolo\0b4f388a,ch SUI,FWMF,M'Gladbach,24,1997,24.1,9,48,23,47.9,1.99,0.96,0.19,0.39,13.5,0,0,0,Matches
Keita Endo\1a83027b,jp JPN,MFFW,Union Berlin,23,1997,0.6,0,2,1,50,3.27,1.64,0,0,17.3,0,0,0,Matches
Wataru Endo\c149016b,jp JPN,MF,Stuttgart,28,1993,32.2,4,46,16,34.8,1.43,0.5,0.09,0.25,15,0,0,0,Matches
Michael Esser\83e0eeb4,de GER,GK,Bochum,33,1987,3,0,0,0,,0,0,,,,0,0,0,Matches
Wahidullah Faghir\93c9e7d9,dk DEN,FW,Stuttgart,18,2003,1.4,1,6,1,16.7,4.39,0.73,0.17,1,15.5,0,0,0,Matches
Ömer Faruk Beyaz\8307b663,tr TUR,FWDF,Stuttgart,17,2003,0.8,0,3,1,33.3,3.8,1.27,0,0,18.4,0,0,0,Matches
Adrian Fein\60097ff6,de GER,MF,Greuther Fürth,22,1999,0.4,0,1,0,0,2.81,0,0,,26,0,0,0,Matches
Ohis Felix Uduokhai\677da306,de GER,DF,Augsburg,23,1997,8.7,0,2,0,0,0.23,0,0,,13.1,0,0,0,Matches
Edimilson Fernandes\3bb625ac,ch SUI,DFFW,Arminia,25,1996,3.1,0,4,2,50,1.27,0.64,0,0,43.7,0,0,0,Matches
Alfreð Finnbogason\f9e7c4ac,is ISL,FWMF,Augsburg,32,1989,3.2,2,6,4,66.7,1.85,1.23,0.33,0.5,13.3,0,0,0,Matches
Mark Flekken\a92ab7be,nl NED,GK,Freiburg,28,1993,32,0,0,0,,0,0,,,,0,0,0,Matches
Emil Forsberg\9a2e0ccc,se SWE,MFFW,RB Leipzig,29,1991,19,6,38,11,28.9,2,0.58,0.05,0.18,18.2,2,4,4,Matches
Philipp Förster\76fa965f,de GER,FWMF,Stuttgart,26,1995,10.7,2,29,7,24.1,2.7,0.65,0.07,0.29,17.4,1,0,0,Matches
Timothy Fosu-Mensah\a9142dc3,nl NED,DF,Leverkusen,23,1998,1.6,0,0,0,,0,0,,,,0,0,0,Matches
Raphael Framberger\626fab5f,de GER,DF,Augsburg,25,1995,9.4,0,1,0,0,0.11,0,0,,20.4,0,0,0,Matches
Marvin Friedrich\b77f44a4,de GER,DF,M'Gladbach,25,1995,6.7,0,5,1,20,0.75,0.15,0,0,14,0,0,0,Matches
Marvin Friedrich\b77f44a4,de GER,DF,Union Berlin,25,1995,13,0,15,4,26.7,1.15,0.31,0,0,12.8,0,0,0,Matches
Jeremie Frimpong\74f2e748,nl NED,DF,Leverkusen,20,2000,22.8,1,11,4,36.4,0.48,0.18,0.09,0.25,18.9,0,0,0,Matches
Christian Früchtl\1940be91,de GER,GK,Bayern Munich,21,2000,0.1,0,0,0,,0,0,,,,0,0,0,Matches
Chris Führich\0cf778df,de GER,MFFW,Stuttgart,23,1998,19,3,30,12,40,1.58,0.63,0.1,0.25,19.2,0,0,0,Matches
Marius Funk\86314793,de GER,GK,Greuther Fürth,25,1996,8,0,0,0,,0,0,,,,0,0,0,Matches
Stephan Fürstner\18c2e247,de GER,MF,Mainz 05,33,1987,0.1,0,0,0,,0,0,,,,0,0,0,Matches
Mijat Ga?inovi?\16daec92,rs SRB,FWDF,Hoffenheim,26,1995,1.2,0,1,0,0,0.82,0,0,,11.2,0,0,0,Matches
Cristian Gamboa\f27680d9,cr CRC,DF,Bochum,31,1989,19.1,1,5,1,20,0.26,0.05,0.2,1,30.4,0,0,0,Matches
Silvère Ganvoula M'Boussy\6c731625,cg CGO,FW,Bochum,25,1996,1.7,0,5,2,40,2.94,1.18,0,0,10.6,0,0,0,Matches
Linus Gechter\ad2b068c,de GER,DF,Hertha BSC,17,2004,8,1,5,1,20,0.63,0.13,0.2,1,8.1,0,0,0,Matches
Dennis Geiger\37f606f0,de GER,MF,Hoffenheim,23,1998,15.3,2,15,2,13.3,0.98,0.13,0.13,1,18.9,0,0,0,Matches
Yannick Gerhardt\62ab9184,de GER,MFDF,Wolfsburg,27,1994,17.5,1,14,3,21.4,0.8,0.17,0.07,0.33,15.6,0,0,0,Matches
Hamadi Al Ghaddioui\5723931e,ma MAR,FW,Stuttgart,30,1990,5.5,2,12,4,33.3,2.17,0.72,0.17,0.5,11.3,0,0,0,Matches
Niko Gießelmann\7242b495,de GER,DF,Union Berlin,29,1991,23.1,3,27,12,44.4,1.17,0.52,0.11,0.25,15.3,0,0,0,Matches
Rafa? Gikiewicz\17376543,pl POL,GK,Augsburg,33,1987,34,0,0,0,,0,0,,,,0,0,0,Matches
Daniel Ginczek\e5f63987,de GER,MFFW,Wolfsburg,30,1991,0.1,0,1,1,100,6.92,6.92,0,0,17,0,0,0,Matches
Matthias Ginter\f521b80a,de GER,DF,M'Gladbach,27,1994,26.2,1,31,14,45.2,1.18,0.54,0.03,0.07,13.4,1,0,0,Matches
Serge Gnabry\88e357ef,de GER,FWDF,Bayern Munich,26,1995,24.3,14,68,26,38.2,2.8,1.07,0.21,0.54,16.1,0,0,0,Matches
Leon Goretzka\cc86b9a3,de GER,MF,Bayern Munich,26,1995,15.5,3,46,12,26.1,2.97,0.77,0.07,0.25,17,0,0,0,Matches
Jeffrey Gouweleeuw\1025db8e,nl NED,DF,Augsburg,30,1991,28.6,2,11,4,36.4,0.38,0.14,0.09,0.25,21.2,1,1,1,Matches
Jens Grahl\f26dee6b,de GER,GK,Eint Frankfurt,32,1988,1,0,0,0,,0,0,,,,0,0,0,Matches
Julian Green\ad1d6fa4,us USA,MF,Greuther Fürth,26,1995,11.7,0,18,5,27.8,1.54,0.43,0,0,25.9,1,0,0,Matches
Michael Gregoritsch\8e235926,at AUT,FWMF,Augsburg,27,1994,15.5,9,41,16,39,2.65,1.03,0.2,0.5,15.8,4,1,1,Matches
Sebastian Griesbeck\a8db7ebb,de GER,DFMF,Greuther Fürth,30,1990,27.1,1,7,2,28.6,0.26,0.07,0.14,0.5,11.2,0,0,0,Matches
Sebastian Griesbeck\a8db7ebb,de GER,MF,Union Berlin,30,1990,0.1,0,0,0,,0,0,,,,0,0,0,Matches
Vincenzo Grifo\54e4866f,it ITA,MFFW,Freiburg,28,1993,30.8,9,62,18,29,2.01,0.58,0.06,0.22,21.9,18,5,6,Matches
Lennart Grill\37998008,de GER,GK,Leverkusen,22,1999,1,0,0,0,,0,0,,,,0,0,0,Matches
Florian Grillitsch\ffbbc83b,at AUT,DFMF,Hoffenheim,25,1995,16.6,0,8,2,25,0.48,0.12,0,0,24.7,0,0,0,Matches
Carlos Gruezo\f2dd9a21,ec ECU,MF,Augsburg,26,1995,10.8,0,10,0,0,0.93,0,0,,22.8,0,0,0,Matches
Raphaël Guerreiro\048a1cbc,pt POR,DF,Dortmund,27,1993,19.9,4,31,10,32.3,1.55,0.5,0.1,0.3,24.5,8,1,1,Matches
Josuha Guilavogui\e6c43eec,fr FRA,MFDF,Wolfsburg,30,1990,10.5,0,8,2,25,0.76,0.19,0,0,16.8,0,0,0,Matches
Péter Gulácsi\bcb2ccd8,hu HUN,GK,RB Leipzig,31,1990,33,0,0,0,,0,0,,,,0,0,0,Matches
Manuel Gulde\25ab9c9c,de GER,DF,Freiburg,30,1991,13.6,0,1,0,0,0.07,0,0,,14.9,0,0,0,Matches
Robert Gumny\1df0c0b9,pl POL,DF,Augsburg,23,1998,25.2,0,7,0,0,0.28,0,0,,12.1,0,0,0,Matches
Christian Günter\8593f88c,de GER,DF,Freiburg,28,1993,34,2,24,6,25,0.71,0.18,0.08,0.33,23.6,1,0,0,Matches
Lasse Günther\00672803,de GER,DF,Augsburg,18,2003,1.8,0,2,0,0,1.12,0,0,,20.3,0,0,0,Matches
Joško Gvardiol\5ad50391,hr CRO,DF,RB Leipzig,19,2002,26.8,2,23,7,30.4,0.86,0.26,0.09,0.29,15.2,0,0,0,Matches
Erling Haaland\1f44ac21,no NOR,FW,Dortmund,21,2000,21.2,22,74,31,41.9,3.49,1.46,0.22,0.52,13.5,0,6,6,Matches
Janik Haberer\70dcf94d,de GER,MF,Freiburg,27,1994,9.1,3,13,3,23.1,1.43,0.33,0.23,1,16.1,0,0,0,Matches
Alexander Hack\a5ec3ede,de GER,DF,Mainz 05,27,1993,23,3,23,5,21.7,1,0.22,0.13,0.6,16.4,1,0,0,Matches
Robin Hack\0174ba21,de GER,FWMF,Arminia,22,1998,15.2,0,31,6,19.4,2.05,0.4,0,0,20.8,2,0,0,Matches
André Hahn\cd82452e,de GER,MFFW,Augsburg,30,1990,23.3,5,45,20,44.4,1.93,0.86,0.11,0.25,16.1,0,0,0,Matches
Amadou Haidara\92432bc6,ml MLI,MF,RB Leipzig,23,1998,14.7,3,14,5,35.7,0.95,0.34,0.21,0.6,21.6,0,0,0,Matches
Marcel Halstenberg\8ff2354e,de GER,DF,RB Leipzig,29,1991,5.6,1,5,1,20,0.89,0.18,0.2,1,14.8,1,0,0,Matches
Genki Haraguchi\f24ea523,jp JPN,MF,Union Berlin,30,1991,19.5,2,29,6,20.7,1.49,0.31,0.07,0.33,20,0,0,0,Matches
Luis Hartwig\a3f30508,de GER,MF,Bochum,18,2002,0,0,0,0,,0,0,,,,0,0,0,Matches
Makoto Hasebe\9ab16552,jp JPN,DF,Eint Frankfurt,37,1984,13.2,0,0,0,,0,0,,,,0,0,0,Matches
Thorgan Hazard\50871bcc,be BEL,FWDF,Dortmund,28,1993,14.9,4,22,6,27.3,1.48,0.4,0.18,0.67,15.9,2,0,0,Matches
Jonas Hector\c2009df3,de GER,DF,Köln,31,1990,28.4,0,18,5,27.8,0.63,0.18,0,0,15.2,0,0,0,Matches
Hwang Hee-chan\169fd162,kr KOR,FW,RB Leipzig,25,1996,0.5,0,1,0,0,1.84,0,0,,8.1,0,0,0,Matches
Dominique Heintz\699fb8db,de GER,DF,Union Berlin,27,1993,5.2,0,1,1,100,0.19,0.19,0,0,5,0,0,0,Matches
Dominique Heintz\699fb8db,de GER,DF,Freiburg,27,1993,0.3,0,0,0,,0,0,,,,0,0,0,Matches
Benjamin Henrichs\0a89e877,de GER,DF,RB Leipzig,24,1997,12.7,3,15,6,40,1.18,0.47,0.2,0.5,14.1,0,0,0,Matches
Lucas Hernández\c3ee18ef,fr FRA,DF,Bayern Munich,25,1996,22.6,0,4,1,25,0.18,0.04,0,0,9.2,0,0,0,Matches
Patrick Herrmann\dfb6490a,de GER,DFFW,M'Gladbach,30,1991,8.4,0,15,4,26.7,1.79,0.48,0,0,15.3,1,0,0,Matches
Piero Hincapié\0c7a48f8,ec ECU,DF,Leverkusen,19,2002,19.5,1,9,1,11.1,0.46,0.05,0.11,1,14.3,0,0,0,Matches
Martin Hinteregger\080440a4,at AUT,DF,Eint Frankfurt,28,1992,24.7,1,16,4,25,0.65,0.16,0.06,0.25,20.2,0,0,0,Matches
Marwin Hitz\2e7ff968,ch SUI,GK,Dortmund,33,1987,4.5,0,0,0,,0,0,,,,0,0,0,Matches
Nicolas Höfler\5d8e331f,de GER,MF,Freiburg,31,1990,28.9,2,32,10,31.3,1.11,0.35,0.06,0.2,15.5,0,0,0,Matches
Jonas Hofmann\2903a856,de GER,MFFW,M'Gladbach,29,1992,23.1,12,53,21,39.6,2.3,0.91,0.23,0.57,16,4,0,0,Matches
Lucas Höler\ca618d23,de GER,FWMF,Freiburg,27,1994,28.7,7,61,26,42.6,2.13,0.91,0.11,0.27,13.9,0,0,0,Matches
Gerrit Holtmann\2979c05a,ph PHI,FWMF,Bochum,26,1995,20.4,5,47,20,42.6,2.3,0.98,0.11,0.25,20.3,0,0,0,Matches
Justin Hoogma\816192f0,nl NED,DF,Greuther Fürth,23,1998,3,0,0,0,,0,0,,,,0,0,0,Matches
Jannes Horn\2b83fa49,de GER,DF,Köln,24,1997,5.3,0,3,1,33.3,0.56,0.19,0,0,24,0,0,0,Matches
Timo Horn\3cd9e95a,de GER,GK,Köln,28,1993,13,0,0,0,,0,0,,,,0,0,0,Matches
Lukáš Hrádecký\ad3389d5,fi FIN,GK,Leverkusen,31,1989,32,0,0,0,,0,0,,,,0,0,0,Matches
Branimir Hrgota\710fbdd1,se SWE,FW,Greuther Fürth,28,1993,30.9,9,60,20,33.3,1.94,0.65,0.07,0.2,19.8,6,5,5,Matches
Ajdin Hrustic\1f2d714c,au AUS,MF,Eint Frankfurt,25,1996,10.7,2,29,8,27.6,2.71,0.75,0.07,0.25,23.7,1,0,0,Matches
Timo Hübers\94302c52,de GER,DF,Köln,25,1996,19.3,1,10,3,30,0.52,0.16,0.1,0.33,9.5,0,0,0,Matches
Benjamin Hübner\99de6b6f,de GER,DF,Hoffenheim,32,1989,4.2,1,8,3,37.5,1.92,0.72,0.13,0.33,10.5,0,0,0,Matches
Mats Hummels\05d548d8,de GER,DF,Dortmund,32,1988,19.6,1,12,3,25,0.61,0.15,0.08,0.33,8.3,0,0,0,Matches
Iago\054849d2,br BRA,DF,Augsburg,24,1997,24.2,2,12,5,41.7,0.5,0.21,0.17,0.4,18.5,0,0,0,Matches
Stefan Ilsanker\8494acc4,at AUT,DFMF,Eint Frankfurt,32,1989,3,0,4,0,0,1.35,0,0,,13.1,0,0,0,Matches
Burak ?nce\683dec01,tr TUR,FW,Arminia,17,2004,1.5,0,4,2,50,2.59,1.29,0,0,19.5,0,0,0,Matches
Marcus Ingvartsen\271b8617,dk DEN,MF,Union Berlin,25,1996,1.4,0,1,1,100,0.74,0.74,0,0,17.5,0,0,0,Matches
Marcus Ingvartsen\271b8617,dk DEN,FWMF,Mainz 05,25,1996,7.6,6,24,11,45.8,3.18,1.46,0.21,0.45,17.3,2,1,1,Matches
Hiroki Ito\204dded0,jp JPN,DF,Stuttgart,22,1999,26.1,1,12,2,16.7,0.46,0.08,0.08,0.5,22,0,0,0,Matches
Cedric Itten\ef233486,ch SUI,FW,Greuther Fürth,24,1996,7.1,2,16,9,56.3,2.27,1.28,0.13,0.22,13.9,0,0,0,Matches
Gian-Luca Itter\e6c15f6e,de GER,DF,Greuther Fürth,22,1999,16.2,0,5,1,20,0.31,0.06,0,0,20.1,0,0,0,Matches
Lee Jae-sung\34b0387f,kr KOR,MFFW,Mainz 05,28,1992,16,4,26,10,38.5,1.63,0.63,0.15,0.4,15.9,0,0,0,Matches
Paul Jaeckel\a93b6f4e,de GER,DF,Union Berlin,23,1998,22.7,0,3,0,0,0.13,0,0,,21.4,0,0,0,Matches
Kristijan Jaki?\a8ee54ad,hr CRO,MF,Eint Frankfurt,24,1997,20.9,1,29,7,24.1,1.39,0.34,0.03,0.14,18.3,0,0,0,Matches
Tony Jantschke\34b54da7,de GER,DF,M'Gladbach,31,1990,2.5,0,1,0,0,0.4,0,0,,15,0,0,0,Matches
Dennis Jastrzembski\6bba916f,pl POL,DFFW,Hertha BSC,21,2000,2.5,0,1,0,0,0.4,0,0,,16.5,0,0,0,Matches
Fredrik Jensen\3eeb80e0,fi FIN,MFFW,Augsburg,23,1997,4.6,0,6,1,16.7,1.29,0.22,0,0,19.8,0,0,0,Matches
Marco John\d9e196bf,de GER,DF,Hoffenheim,19,2002,0.5,0,0,0,,0,0,,,,0,0,0,Matches
Stevan Joveti?\f36c432f,me MNE,FW,Hertha BSC,31,1989,11.3,6,45,16,35.6,3.98,1.42,0.13,0.38,18,6,0,0,Matches
Gideon Jung\a2e7de6f,de GER,DF,Greuther Fürth,26,1994,1.6,0,0,0,,0,0,,,,0,0,0,Matches
Anton Kade\6d7598d5,de GER,MFDF,Hertha BSC,17,2004,0.9,0,1,1,100,1.17,1.17,0,0,13.6,0,0,0,Matches
Pavel Kade?ábek\79c90e45,cz CZE,DF,Hoffenheim,29,1992,13.3,1,11,2,18.2,0.83,0.15,0.09,0.5,9.9,0,0,0,Matches
Florian Kainz\94c18565,at AUT,MFFW,Köln,28,1992,25.8,4,40,14,35,1.55,0.54,0.1,0.29,19.9,5,0,0,Matches
Sasa Kalajdzic\15f24fe7,at AUT,FW,Stuttgart,24,1997,13.6,6,36,13,36.1,2.65,0.96,0.14,0.38,12.5,0,1,2,Matches
Felix Kalu Nmecha\091c86e2,de GER,MFFW,Wolfsburg,20,2000,3.6,0,9,5,55.6,2.51,1.39,0,0,19.9,0,0,0,Matches
Daichi Kamada\15b287da,jp JPN,MFFW,Eint Frankfurt,24,1996,23.8,4,36,7,19.4,1.51,0.29,0.11,0.57,16.1,0,0,0,Matches
Kevin Kampl\b825a650,si SVN,MF,RB Leipzig,30,1990,21.1,0,8,2,25,0.38,0.09,0,0,20.3,0,0,0,Matches
Stefanos Kapino\62ba5881,gr GRE,GK,Arminia,27,1994,1,0,0,0,,0,0,,,,0,0,0,Matches
Atakan Karazor\5762be5c,de GER,MF,Stuttgart,24,1996,21.1,0,9,2,22.2,0.43,0.09,0,0,25.7,0,0,0,Matches
Silas Katompa\de4cac2d,cd COD,MFFW,Stuttgart,22,1998,3.1,0,2,0,0,0.65,0,0,,12.2,0,0,0,Matches
Noah Katterbach\e27de4fa,de GER,DF,Köln,20,2001,0.2,0,0,0,,0,0,,,,0,0,0,Matches
Yannik Keitel\d2c580ce,de GER,MF,Freiburg,21,2000,5.6,0,11,2,18.2,1.96,0.36,0,0,16.5,0,0,0,Matches
Marc-Oliver Kempf\815c314f,de GER,DF,Hertha BSC,26,1995,11.7,0,8,1,12.5,0.69,0.09,0,0,9.2,0,0,0,Matches
Marc-Oliver Kempf\815c314f,de GER,DF,Stuttgart,26,1995,9.3,3,13,6,46.2,1.39,0.64,0.23,0.5,12.7,0,0,0,Matches
Rani Khedira\59e4b92e,de GER,MF,Union Berlin,27,1994,30.6,0,13,2,15.4,0.42,0.07,0,0,17.8,0,0,0,Matches
Luca Kilian\610aa1e9,de GER,FW,Mainz 05,21,1999,0,0,0,0,,0,0,,,,0,0,0,Matches
Luca Kilian\610aa1e9,de GER,DF,Köln,21,1999,25.3,1,5,2,40,0.2,0.08,0.2,0.5,6.2,0,0,0,Matches
Joshua Kimmich\49296448,de GER,MF,Bayern Munich,26,1995,27.5,3,27,8,29.6,0.98,0.29,0.11,0.38,23.8,0,0,0,Matches
Philipp Klement\0cddeaa7,de GER,MFFW,Stuttgart,28,1992,3.8,1,6,2,33.3,1.6,0.53,0.17,0.5,21.7,2,0,0,Matches
Mateo Klimowicz\2b7c56b4,de GER,FWMF,Stuttgart,21,2000,6.7,0,11,3,27.3,1.64,0.45,0,0,18.8,0,0,0,Matches
Fabian Klos\e21042ae,de GER,FW,Arminia,33,1987,15.8,3,37,14,37.8,2.35,0.89,0.03,0.07,15.9,0,2,2,Matches
Lukas Klostermann\ca8033cb,de GER,DF,RB Leipzig,25,1996,18.3,0,6,1,16.7,0.33,0.05,0,0,16.2,0,0,0,Matches
Lukas Klünter\92948149,de GER,DF,Hertha BSC,25,1996,2.2,0,0,0,,0,0,,,,0,0,0,Matches
Ansgar Knauff\19a967ab,de GER,FWMF,Dortmund,19,2002,1.3,0,1,0,0,0.79,0,0,,17,0,0,0,Matches
Ansgar Knauff\19a967ab,de GER,DF,Eint Frankfurt,19,2002,8.4,1,12,4,33.3,1.42,0.47,0.08,0.25,19.5,0,0,0,Matches
Robin Knoche\6bd5cd5d,de GER,DF,Union Berlin,29,1992,33,0,10,4,40,0.3,0.12,0,0,11.1,0,0,0,Matches
Gregor Kobel\cd59b9df,ch SUI,GK,Dortmund,23,1997,28.5,0,0,0,,0,0,,,,0,0,0,Matches
Dominik Kohr\0fbecd11,de GER,MF,Mainz 05,27,1994,17.9,0,18,2,11.1,1,0.11,0,0,20.5,0,0,0,Matches
Kouadio Koné\86574238,fr FRA,MF,M'Gladbach,20,2001,24.3,2,29,10,34.5,1.2,0.41,0.07,0.2,21.8,1,0,0,Matches
Odilon Kossonou\1f3afdcb,ci CIV,DF,Leverkusen,20,2001,19.9,0,4,1,25,0.2,0.05,0,0,13.6,0,0,0,Matches
Filip Kosti?\b1cd37e6,rs SRB,DFFW,Eint Frankfurt,28,1992,28,4,52,18,34.6,1.86,0.64,0.08,0.22,23,10,0,0,Matches
Nianzou Kouassi\5853ac44,fr FRA,DF,Bayern Munich,19,2002,6.5,1,7,1,14.3,1.08,0.15,0.14,1,10.5,0,0,0,Matches
Andrej Kramari?\603cb947,hr CRO,FWMF,Hoffenheim,30,1991,30.1,6,93,35,37.6,3.09,1.16,0.06,0.17,15.3,6,0,0,Matches
Christoph Kramer\496aeede,de GER,MF,M'Gladbach,30,1991,8.3,0,3,1,33.3,0.36,0.12,0,0,14.4,0,0,0,Matches
Florian Krüger\f9f92b5f,de GER,FWMF,Arminia,22,1999,12.5,1,18,5,27.8,1.43,0.4,0.06,0.2,18.1,1,0,0,Matches
Max Kruse\f9446dcd,de GER,FWMF,Wolfsburg,33,1988,12.5,7,19,9,47.4,1.52,0.72,0.26,0.56,17.1,0,2,2,Matches
Max Kruse\f9446dcd,de GER,FWMF,Union Berlin,33,1988,14.1,5,27,8,29.6,1.91,0.57,0.07,0.25,19.5,3,3,3,Matches
Lukas Kübler\2a29eb9b,de GER,DF,Freiburg,28,1992,25.9,2,13,6,46.2,0.5,0.23,0.15,0.33,15.5,0,0,0,Matches
Fabian Kunze\d25fee56,de GER,MF,Arminia,23,1998,14,0,11,1,9.1,0.79,0.07,0,0,25,0,0,0,Matches
Maxence Lacroix\277c49ed,fr FRA,DF,Wolfsburg,21,2000,27.7,0,18,3,16.7,0.65,0.11,0,0,12.7,0,0,0,Matches
Konrad Laimer\c1b7847c,at AUT,MF,RB Leipzig,24,1997,13.8,4,16,7,43.8,1.16,0.51,0.25,0.57,18.1,0,0,0,Matches
Stefan Lainer\4aea5077,at AUT,DF,M'Gladbach,28,1992,16.3,1,12,2,16.7,0.73,0.12,0.08,0.5,14.3,0,0,0,Matches
Vassilis Lambropoulos\591477c9,gr GRE,DF,Bochum,31,1990,13,0,4,1,25,0.31,0.08,0,0,11.8,0,0,0,Matches
Sam Lammers\c283ddef,nl NED,FW,Eint Frankfurt,24,1997,5.7,1,12,4,33.3,2.09,0.7,0.08,0.25,12.5,0,0,0,Matches
Bryan Lasme\ebac0ace,fr FRA,FW,Arminia,22,1998,9.7,2,14,7,50,1.44,0.72,0.14,0.29,14.5,0,0,0,Matches
Maxim Leitsch\7e12a98d,de GER,DF,Bochum,23,1998,17.1,1,5,1,20,0.29,0.06,0.2,1,13.2,0,0,0,Matches
Tim Lemperle\792ffa71,de GER,FWMF,Köln,19,2002,1.7,2,7,3,42.9,4.23,1.81,0.29,0.67,10.1,0,0,0,Matches
Christopher Lenz\bbd86530,de GER,DF,Eint Frankfurt,26,1994,7.4,0,5,0,0,0.68,0,0,,25.5,0,0,0,Matches
Robert Lewandowski\8d78e732,pl POL,FW,Bayern Munich,32,1988,32.7,35,157,77,49,4.8,2.35,0.19,0.39,12.6,3,5,5,Matches
Jamie Leweling\13fe7b69,de GER,FWDF,Greuther Fürth,20,2001,21.8,5,45,16,35.6,2.07,0.74,0.11,0.31,17.3,0,0,0,Matches
Philipp Lienhart\302527b2,at AUT,DF,Freiburg,25,1996,31.9,5,19,7,36.8,0.6,0.22,0.26,0.71,8.4,0,0,0,Matches
Andreas Linde\4d6a842d,se SWE,GK,Greuther Fürth,28,1993,12,0,0,0,,0,0,,,,0,0,0,Matches
Jesper Lindstrøm\37dc1a48,dk DEN,FWMF,Eint Frankfurt,21,2000,22,5,55,18,32.7,2.51,0.82,0.09,0.28,17.2,3,0,0,Matches
Dejan Ljubicic\c455a2b2,at AUT,MFFW,Köln,23,1997,21.9,3,29,7,24.1,1.33,0.32,0.1,0.43,19.4,0,0,0,Matches
Jürgen Locadia\6cc47ae1,nl NED,FWMF,Bochum,27,1993,4.9,2,17,7,41.2,3.45,1.42,0.06,0.14,19.1,0,1,1,Matches
Anthony Losilla\07c7eb0c,fr FRA,MF,Bochum,35,1986,32.6,2,33,9,27.3,1.01,0.28,0.06,0.22,18.7,0,0,0,Matches
Marcel Lotka\5584552e,pl POL,GK,Hertha BSC,20,2001,9.8,0,0,0,,0,0,,,,0,0,0,Matches
Eduard Löwen\70678132,de GER,MF,Bochum,24,1997,15.7,2,37,13,35.1,2.35,0.83,0.03,0.08,24,9,1,1,Matches
Anderson Lucoqui\5569bf9a,ao ANG,DF,Mainz 05,24,1997,8.3,1,8,4,50,0.97,0.48,0.13,0.25,17.8,0,0,0,Matches
Dodi Lukebakio\0c61c77c,be BEL,FW,Hertha BSC,23,1997,2,1,3,1,33.3,1.53,0.51,0,0,25.1,0,1,1,Matches
Dodi Lukebakio\0c61c77c,be BEL,FWMF,Wolfsburg,23,1997,9.8,1,17,7,41.2,1.73,0.71,0.06,0.14,15.3,0,0,0,Matches
Andrey Lunyov\8a6ab963,ru RUS,GK,Leverkusen,29,1991,1,0,0,0,,0,0,,,,0,0,0,Matches
Andreas Luthe\7fe12375,de GER,GK,Union Berlin,34,1987,27,0,0,0,,0,0,,,,0,0,0,Matches
Matej Maglica\36cf2caf,hr CRO,DF,Stuttgart,22,1998,0.1,0,0,0,,0,0,,,,0,0,0,Matches
Arne Maier\ab700320,de GER,MF,Augsburg,22,1999,20.7,1,17,8,47.1,0.82,0.39,0.06,0.13,20.4,1,0,0,Matches
Donyell Malen\864163f3,nl NED,FW,Dortmund,22,1999,18.7,5,47,21,44.7,2.51,1.12,0.11,0.24,16.5,0,0,0,Matches
Lennard Maloney\75402e99,us USA,DF,Dortmund,21,1999,0.1,0,0,0,,0,0,,,,0,0,0,Matches
Orel Mangala\a572e291,be BEL,MF,Stuttgart,23,1998,20.6,1,17,8,47.1,0.83,0.39,0.06,0.13,16.1,0,0,0,Matches
Myziane Maolida\706a60e1,fr FRA,FWMF,Hertha BSC,22,1999,8.6,1,14,3,21.4,1.62,0.35,0.07,0.33,18.5,0,0,0,Matches
Omar Marmoush\0e0102eb,eg EGY,FW,Wolfsburg,22,1999,0.3,0,1,0,0,3.75,0,0,,33.8,0,0,0,Matches
Omar Marmoush\0e0102eb,eg EGY,FWMF,Stuttgart,22,1999,17.5,3,49,13,26.5,2.81,0.74,0.06,0.23,18.8,3,0,1,Matches
Aarón Martín\2f3e911a,es ESP,DF,Mainz 05,24,1997,25.5,1,18,4,22.2,0.71,0.16,0.06,0.25,21.2,5,0,0,Matches
Josep Martinez\11d8aff0,es ESP,GK,RB Leipzig,23,1998,1,0,0,0,,0,0,,,,0,0,0,Matches
Erhan Mašovi?\a396fb61,rs SRB,DF,Bochum,22,1998,17.2,0,5,0,0,0.29,0,0,,12.8,1,0,0,Matches
Roberto Massimo\fc62fdf4,de GER,DFFW,Stuttgart,20,2000,9.7,2,20,11,55,2.05,1.13,0.1,0.18,18.4,0,0,0,Matches
Konstantinos Mavropanos\00963611,gr GRE,DF,Stuttgart,23,1997,30.1,4,33,11,33.3,1.1,0.37,0.12,0.36,12.5,0,0,0,Matches
Eric Maxim Choupo-Moting\0e6bc38c,cm CMR,FWMF,Bayern Munich,32,1989,4.2,4,15,8,53.3,3.58,1.91,0.27,0.5,11.1,0,0,0,Matches
Kevin Mbabu\493924a7,ch SUI,DF,Wolfsburg,26,1995,15.5,0,5,0,0,0.32,0,0,,10.6,0,0,0,Matches
Nathan de Medina\d686dbc0,be BEL,DF,Arminia,23,1997,8.6,0,5,1,20,0.58,0.12,0,0,19.6,0,0,0,Matches
Admir Mehmedi\b500b384,ch SUI,MF,Wolfsburg,30,1991,0,0,0,0,,0,0,,,,0,0,0,Matches
Jorge Meré\9f979eb2,es ESP,DF,Köln,24,1997,5.4,0,0,0,,0,0,,,,0,0,0,Matches
Thomas Meunier\e162b013,be BEL,DF,Dortmund,29,1991,15.6,2,19,6,31.6,1.22,0.39,0.11,0.33,14.1,0,0,0,Matches
Marco Meyerhöfer\0b104510,de GER,DF,Greuther Fürth,25,1995,25.3,1,10,2,20,0.39,0.08,0.1,0.5,17.1,0,0,0,Matches
Sven Michel\1e274a0a,de GER,FW,Union Berlin,31,1990,3.8,3,9,3,33.3,2.4,0.8,0.33,1,16.2,0,0,0,Matches
Enzo Millot\f76022e7,fr FRA,MF,Stuttgart,19,2002,0.6,0,0,0,,0,0,,,,0,0,0,Matches
Maximilian Mittelstädt\88d4144a,de GER,DFFW,Hertha BSC,24,1997,16.6,0,10,0,0,0.6,0,0,,21.4,0,0,0,Matches
Anthony Modeste\34e4343c,fr FRA,FW,Köln,33,1988,29,20,107,43,40.2,3.7,1.49,0.18,0.44,11.5,0,1,1,Matches
Kevin Möhwald\a5ce09f2,de GER,MF,Union Berlin,28,1993,3.9,0,10,2,20,2.54,0.51,0,0,20.9,0,0,0,Matches
Clinton Mola\29ddfb9c,eng ENG,DF,Stuttgart,20,2001,1.3,0,0,0,,0,0,,,,0,0,0,Matches
Jan Morávek\e7d22eae,cz CZE,MF,Augsburg,31,1989,5.2,0,2,0,0,0.38,0,0,,13,0,0,0,Matches
Ilaix Moriba\f4c69aa6,gn GUI,MF,RB Leipzig,18,2003,0.4,0,1,1,100,2.81,2.81,0,0,26,0,0,0,Matches
Youssoufa Moukoko\6ce43701,de GER,FW,Dortmund,16,2004,2.5,2,8,3,37.5,3.23,1.21,0.25,0.67,14,0,0,0,Matches
Nordi Mukiele\ac73ec79,fr FRA,DF,RB Leipzig,23,1997,20.5,1,22,7,31.8,1.07,0.34,0.05,0.14,12.3,0,0,0,Matches
Florian Müller\cbac6ec9,de GER,GK,Stuttgart,23,1997,30,0,0,0,,0,0,,,,0,0,0,Matches
Thomas Müller\3c6089ab,de GER,MF,Bayern Munich,31,1989,28.4,8,55,24,43.6,1.94,0.84,0.15,0.33,12.6,0,0,0,Matches
Torben Müsel\d01b9ad6,de GER,MF,M'Gladbach,22,1999,0.1,0,0,0,,0,0,,,,0,0,0,Matches
Jamal Musiala\2c0558b8,de GER,MFFW,Bayern Munich,18,2003,16.3,5,43,16,37.2,2.64,0.98,0.12,0.31,15.1,0,0,0,Matches
Obite N'Dicka\441197b8,fr FRA,DF,Eint Frankfurt,21,1999,31.7,4,27,5,18.5,0.85,0.16,0.15,0.8,7.6,0,0,0,Matches
Nikolas Nartey\30261ba1,dk DEN,MFDF,Stuttgart,21,2000,4.5,0,1,0,0,0.22,0,0,,14.9,0,0,0,Matches
Paul Nebel\1b6d8083,de GER,MFFW,Mainz 05,18,2002,2.5,0,3,1,33.3,1.18,0.39,0,0,11.4,0,0,0,Matches
David Nemeth\da76715c,at AUT,DF,Mainz 05,20,2001,3.5,0,0,0,,0,0,,,,0,0,0,Matches
Luca Netz\e79269bd,de GER,DF,M'Gladbach,18,2003,15.5,0,15,5,33.3,0.97,0.32,0,0,16.7,1,0,0,Matches
Manuel Neuer\8778c910,de GER,GK,Bayern Munich,35,1986,27.9,0,0,0,,0,0,,,,0,0,0,Matches
Florian Neuhaus\36a59ba4,de GER,MF,M'Gladbach,24,1997,23.6,4,48,19,39.6,2.04,0.81,0.08,0.21,20.2,1,0,0,Matches
Jessic Ngankam\bc249af8,de GER,FW,Greuther Fürth,21,2000,3.8,2,8,5,62.5,2.11,1.32,0.25,0.4,13.4,0,0,0,Matches
Moussa Niakhate\00242715,fr FRA,DF,Mainz 05,25,1996,28.5,4,9,3,33.3,0.32,0.11,0.22,0.67,14,0,2,2,Matches
Florian Niederlechner\d6862409,de GER,FW,Augsburg,30,1990,12.9,5,28,12,42.9,2.16,0.93,0.18,0.42,11.8,0,0,0,Matches
Håvard Nielsen\b18ef366,no NOR,MFFW,Greuther Fürth,28,1993,15.2,2,28,9,32.1,1.84,0.59,0.07,0.22,13.3,0,0,0,Matches
Joakim Nilsson\c562c5b4,se SWE,DF,Arminia,27,1994,30.4,2,5,3,60,0.16,0.1,0.4,0.67,15.5,0,0,0,Matches
Christopher Nkunku\7c56da38,fr FRA,FWMF,RB Leipzig,23,1997,30.3,20,80,39,48.8,2.64,1.29,0.24,0.49,15.7,7,1,1,Matches
Lukas Nmecha\0cc5f4a5,de GER,FWMF,Wolfsburg,22,1998,18.1,8,54,21,38.9,2.99,1.16,0.15,0.38,12.5,0,0,0,Matches
Håvard Nordtveit\6cafd68d,no NOR,DF,Hoffenheim,31,1990,3.4,0,1,0,0,0.3,0,0,,13,0,0,0,Matches
Connor Noß\ccc6d365,ie IRL,MF,M'Gladbach,20,2001,0.6,0,1,0,0,1.73,0,0,,13.5,0,0,0,Matches
Hugo Novoa\5458f670,es ESP,MFFW,RB Leipzig,18,2003,1.5,1,2,2,100,1.32,1.32,0.5,0.5,13.3,0,0,0,Matches
Soma Novothny\6fb91ea9,hu HUN,FWMF,Bochum,27,1994,0.9,1,3,1,33.3,3.38,1.13,0.33,1,9,0,0,0,Matches
Kasim Nuhu\93a50d2c,gh GHA,DF,Hoffenheim,26,1995,0.1,0,1,1,100,18,18,0,0,10,0,0,0,Matches
Hans Nunoo Sarpei\9593331d,gh GHA,DFMF,Greuther Fürth,22,1998,7.1,0,3,0,0,0.42,0,0,,16,0,0,0,Matches
Bastian Oczipka\d1661819,de GER,DF,Union Berlin,32,1989,10.4,0,5,1,20,0.48,0.1,0,0,16.8,0,0,0,Matches
Masaya Okugawa\63b9cc6d,jp JPN,MFFW,Arminia,25,1996,28.1,8,32,16,50,1.14,0.57,0.25,0.5,16,0,0,0,Matches
Mathias Olesen\86adbcc7,lu LUX,MF,Köln,20,2001,0.2,0,0,0,,0,0,,,,0,0,0,Matches
Dani Olmo\ae44e8e2,es ESP,MF,RB Leipzig,23,1998,8.3,3,22,12,54.5,2.66,1.45,0.14,0.25,18.8,0,0,0,Matches
Karim Onisiwo\f26834c7,at AUT,FW,Mainz 05,29,1992,26.2,5,65,19,29.2,2.48,0.72,0.08,0.26,13.4,0,0,0,Matches
Willi Orban\20030c06,hu HUN,DF,RB Leipzig,28,1992,29.4,2,26,9,34.6,0.89,0.31,0.08,0.22,10.3,0,0,0,Matches
Stefan Ortega\c1242d4e,de GER,GK,Arminia,28,1992,33,0,0,0,,0,0,,,,0,0,0,Matches
Patrick Osterhage\9662c9ec,de GER,MF,Bochum,21,2000,6.7,0,4,1,25,0.6,0.15,0,0,21.5,0,0,0,Matches
Tomáš Ostrák\3ba95f20,cz CZE,FWMF,Köln,21,2000,0.3,0,2,0,0,5.81,0,0,,15,0,0,0,Matches
Paulo Otávio\1cbe4984,br BRA,DF,Wolfsburg,26,1994,4,0,4,0,0,0.99,0,0,,20.3,0,0,0,Matches
Reece Oxford\8b6e0db2,eng ENG,DF,Augsburg,22,1998,29.9,2,14,4,28.6,0.47,0.13,0.14,0.5,8.5,0,0,0,Matches
Salih Özcan\15413fa5,tr TUR,MF,Köln,23,1998,25.7,2,27,6,22.2,1.05,0.23,0.07,0.33,15.1,0,0,0,Matches
Levin Öztunal?\66385c46,de GER,MF,Union Berlin,25,1996,6.4,0,7,2,28.6,1.1,0.31,0,0,20.1,0,0,0,Matches
Gonçalo Paciência\962e54cb,pt POR,FW,Eint Frankfurt,26,1994,5.7,3,27,8,29.6,4.71,1.4,0.07,0.25,18.5,0,1,2,Matches
Exequiel Palacios\e82adcab,ar ARG,MF,Leverkusen,22,1998,12.2,2,9,4,44.4,0.74,0.33,0.22,0.5,29.4,0,0,0,Matches
Miloš Pantovi?\5dc15574,rs SRB,MFFW,Bochum,25,1996,17,4,22,10,45.5,1.29,0.59,0.14,0.3,18,0,1,1,Matches
Antonios Papadopoulos\13d23b29,de GER,DFMF,Dortmund,21,1999,0.2,0,0,0,,0,0,,,,0,0,0,Matches
Matondo-Merveille Papela\b4b08774,de GER,MF,Mainz 05,20,2001,0.9,0,1,0,0,1.08,0,0,,26,0,0,0,Matches
Kevin Paredes\5c50fdbc,us USA,FWDF,Wolfsburg,18,2003,0.2,0,0,0,,0,0,,,,0,0,0,Matches
Felix Passlack\5c899683,de GER,DF,Dortmund,23,1998,5.2,1,3,1,33.3,0.57,0.19,0.33,1,16.5,0,0,0,Matches
Paulinho\53070b63,br BRA,FWMF,Leverkusen,21,2000,13.5,4,26,15,57.7,1.92,1.11,0.15,0.27,13.2,0,0,0,Matches
Benjamin Pavard\45a03961,fr FRA,DF,Bayern Munich,25,1996,23.1,0,19,3,15.8,0.82,0.13,0,0,20.9,0,0,0,Matches
Mads Pedersen\582a5247,dk DEN,MFDF,Augsburg,24,1996,15.5,2,19,6,31.6,1.23,0.39,0.11,0.33,20,1,0,0,Matches
Peter Pekarík\c18d22f5,sk SVK,DF,Hertha BSC,34,1986,24.8,0,11,3,27.3,0.44,0.12,0,0,17.6,0,0,0,Matches
Philipp Pentke\c41f7379,de GER,GK,Hoffenheim,36,1985,1,0,0,0,,0,0,,,,0,0,0,Matches
Ricardo Pepi\a2b1ed42,us USA,FWMF,Augsburg,18,2003,5.3,0,8,4,50,1.51,0.75,0,0,12.6,0,0,0,Matches
Pavao Pervan\c89e8aae,at AUT,GK,Wolfsburg,33,1987,6,0,0,0,,0,0,,,,0,0,0,Matches
Nils Petersen\f93e6e94,de GER,FWMF,Freiburg,32,1988,6.4,5,15,5,33.3,2.33,0.78,0.33,1,13.5,0,0,0,Matches
Jens Petter Hauge\12c35abe,no NOR,FWMF,Eint Frankfurt,21,1999,11.6,2,19,10,52.6,1.64,0.87,0.11,0.2,15,0,0,0,Matches
Immanuel Pherai\f168d9b9,nl NED,MF,Dortmund,20,2001,0,0,0,0,,0,0,,,,0,0,0,Matches
Maximilian Philipp\061e8e23,de GER,MFFW,Wolfsburg,27,1994,10.7,1,15,1,6.7,1.4,0.09,0.07,1,21.4,2,0,0,Matches
Krzysztof Pi?tek\17f3620a,pl POL,FW,Hertha BSC,26,1995,3.9,1,12,5,41.7,3.11,1.3,0.08,0.2,14.4,0,0,0,Matches
Amos Pieper\526ea7cc,de GER,DF,Arminia,23,1998,26.4,0,14,2,14.3,0.53,0.08,0,0,15.5,0,0,0,Matches
Marvin Plattenhardt\f7aa75bd,de GER,DF,Hertha BSC,29,1992,18.2,0,7,1,14.3,0.38,0.05,0,0,24.8,6,0,0,Matches
Alassane Pléa\bc6bd723,fr FRA,FWMF,M'Gladbach,28,1993,23,10,59,23,39,2.57,1,0.12,0.3,17.3,0,3,3,Matches
Joel Pohjanpalo\ea003d07,fi FIN,FW,Leverkusen,26,1994,0.1,0,0,0,,0,0,,,,0,0,0,Matches
Sebastian Polter\3745e8bd,de GER,FW,Bochum,30,1991,26,10,54,21,38.9,2.08,0.81,0.17,0.43,11.3,0,1,2,Matches
Marin Pongra?i?\2a6cd437,hr CRO,DF,Dortmund,23,1997,9.2,0,0,0,,0,0,,,,0,0,0,Matches
Stefan Posch\7f609bfc,at AUT,DF,Hoffenheim,24,1997,24.4,2,13,6,46.2,0.53,0.25,0.15,0.33,20.8,1,0,0,Matches
Yussuf Poulsen\d2416c2e,dk DEN,FW,RB Leipzig,27,1994,12,6,28,14,50,2.34,1.17,0.21,0.43,12.4,0,0,0,Matches
Manuel Prietl\901c0f97,at AUT,MF,Arminia,29,1991,23.6,0,17,4,23.5,0.72,0.17,0,0,18.3,0,0,0,Matches
Grischa Prömel\924f9191,de GER,MF,Union Berlin,26,1995,26.9,8,37,12,32.4,1.37,0.45,0.22,0.67,12.4,0,0,0,Matches
Nick Proschwitz\9cf4fd68,de GER,FW,Hoffenheim,34,1986,0.3,0,1,0,0,3.33,0,0,,11,0,0,0,Matches
Afimico Pululu\32c016f8,fr FRA,FW,Greuther Fürth,22,1999,0.8,0,1,0,0,1.29,0,0,,14.2,0,0,0,Matches
Sidney Raebiger\a8090a41,de GER,MF,RB Leipzig,16,2005,0,0,0,0,,0,0,,,,0,0,0,Matches
Diant Ramaj\b90c4a43,de GER,GK,Eint Frankfurt,19,2001,1,0,0,0,,0,0,,,,0,0,0,Matches
Guilherme Ramos\df9c3473,pt POR,DF,Arminia,23,1997,10.1,0,7,3,42.9,0.7,0.3,0,0,13.3,0,0,0,Matches
Tobias Raschl\bd992863,de GER,MF,Greuther Fürth,21,2000,6.6,0,5,1,20,0.75,0.15,0,0,23.7,0,0,0,Matches
David Raum\7d450ed3,de GER,DF,Hoffenheim,23,1998,30.6,3,25,8,32,0.82,0.26,0.12,0.38,19.7,5,0,0,Matches
Reinier\6b21b7b5,br BRA,FWMF,Dortmund,19,2002,1.8,0,1,0,0,0.56,0,0,,8.5,0,0,0,Matches
Panagiotis Retsos\4bd00a50,gr GRE,DFFW,Leverkusen,22,1998,0.4,0,1,0,0,2.81,0,0,,8.2,0,0,0,Matches
Marco Reus\36a3ff67,de GER,MFFW,Dortmund,32,1989,27.8,9,51,22,43.1,1.83,0.79,0.18,0.41,15.4,6,0,0,Matches
Elvis Rexhbeçaj\1ae836b1,de GER,MF,Bochum,23,1997,28.2,0,34,7,20.6,1.2,0.25,0,0,22.3,0,0,0,Matches
Gio Reyna\7fa4e703,us USA,MF,Dortmund,18,2002,4.9,2,11,6,54.5,2.26,1.23,0.18,0.33,15.3,1,0,0,Matches
Chris Richards\0a3d6d2b,us USA,DF,Hoffenheim,21,2000,14.5,1,10,1,10,0.69,0.07,0.1,1,6.6,0,0,0,Matches
Chris Richards\0a3d6d2b,us USA,DF,Bayern Munich,21,2000,0,0,0,0,,0,0,,,,0,0,0,Matches
Omar Richards\f9b1b7bf,eng ENG,DF,Bayern Munich,23,1998,4.9,0,4,0,0,0.82,0,0,,12.3,0,0,0,Matches
Marco Richter\f972644c,de GER,FWMF,Hertha BSC,23,1997,18.9,5,43,17,39.5,2.27,0.9,0.12,0.29,19.5,2,0,0,Matches
Manuel Riemann\9f941969,de GER,GK,Bochum,32,1988,31,0,0,0,,0,0,,,,0,0,1,Matches
Marc Roca\da27e268,es ESP,MF,Bayern Munich,24,1996,4.2,0,5,0,0,1.19,0,0,,21.2,0,0,0,Matches
Cimo Röcker\611b1aae,de GER,DF,Hertha BSC,27,1994,0.2,0,0,0,,0,0,,,,0,0,0,Matches
Sebastian Rode\e12b0b5b,de GER,MF,Eint Frankfurt,30,1990,8.4,1,6,2,33.3,0.71,0.24,0.17,0.5,18.2,0,0,0,Matches
Romario Rösch\87ebfdb8,de GER,MF,Mainz 05,22,1999,0,0,0,0,,0,0,,,,0,0,0,Matches
Tom Rothe\90c1f9a4,de GER,DF,Dortmund,16,2004,1,1,2,1,50,1.91,0.96,0.5,1,12,0,0,0,Matches
Jérôme Roussillon\13203c45,fr FRA,DF,Wolfsburg,28,1993,19.7,1,12,5,41.7,0.61,0.25,0.08,0.2,23.4,0,0,0,Matches
Sebastian Rudy\80f36c88,de GER,MF,Hoffenheim,31,1990,8.6,3,14,5,35.7,1.63,0.58,0.21,0.6,19.1,0,0,0,Matches
Georginio Rutter\c64c01fc,fr FRA,FWMF,Hoffenheim,19,2002,17.9,8,54,19,35.2,3.02,1.06,0.15,0.42,13.7,0,0,0,Matches
Julian Ryerson\009a4f60,no NOR,DF,Union Berlin,23,1997,15.9,2,16,6,37.5,1.01,0.38,0.13,0.33,18.8,0,0,0,Matches
Frederik Rønnow\a70b8345,dk DEN,GK,Union Berlin,28,1992,7,0,0,0,,0,0,,,,0,0,0,Matches
Marcel Sabitzer\e280527c,at AUT,MFDF,Bayern Munich,27,1994,10.1,1,19,6,31.6,1.89,0.6,0.05,0.17,18.8,1,0,0,Matches
Marcel Sabitzer\e280527c,at AUT,MFFW,RB Leipzig,27,1994,0.5,0,2,0,0,3.67,0,0,,28.3,0,0,0,Matches
Roland Sallai\bf075f6b,hu HUN,MFFW,Freiburg,24,1997,17.2,4,47,10,21.3,2.73,0.58,0.09,0.4,14.8,0,0,0,Matches
Diadie Samassékou\08593525,ml MLI,MF,Hoffenheim,25,1996,18.4,2,15,4,26.7,0.82,0.22,0.13,0.5,16.5,0,0,0,Matches
Leroy Sané\2b114be3,de GER,FWMF,Bayern Munich,25,1996,22,7,89,32,36,4.05,1.46,0.08,0.22,19.9,8,0,0,Matches
Mohamed Sankoh\be625686,nl NED,FW,Stuttgart,17,2003,0,0,1,1,100,22.5,22.5,0,0,15.7,0,0,0,Matches
Baptiste Santamaria\5e22e2a4,fr FRA,MF,Freiburg,26,1995,0.2,0,0,0,,0,0,,,,0,0,0,Matches
Bouna Sarr\1a4b9094,sn SEN,DF,Bayern Munich,29,1992,0.7,0,1,0,0,1.41,0,0,,14,0,0,0,Matches
Joe Scally\236f02cd,us USA,DF,M'Gladbach,18,2002,21.2,1,18,6,33.3,0.85,0.28,0.06,0.17,18.1,0,0,0,Matches
Kevin Schade\52afb588,de GER,FWMF,Freiburg,19,2001,9.2,4,19,9,47.4,2.06,0.97,0.21,0.44,12.9,0,0,0,Matches
András Schäfer\049751d7,hu HUN,MF,Union Berlin,22,1999,2.7,1,7,3,42.9,2.64,1.13,0.14,0.33,18.1,0,0,0,Matches
Louis Schaub\b50ec54b,at AUT,MFFW,Köln,26,1994,7.3,1,15,2,13.3,2.06,0.28,0.07,0.5,16.4,0,0,0,Matches
Patrik Schick\5d4f7d61,cz CZE,FW,Leverkusen,25,1996,23.1,24,88,42,47.7,3.82,1.82,0.26,0.55,12.6,2,1,2,Matches
Kingsley Schindler\bd527260,de GER,DFMF,Köln,28,1993,3.9,1,3,1,33.3,0.77,0.26,0.33,1,16,0,0,0,Matches
Xaver Schlager\8f056768,at AUT,MF,Wolfsburg,23,1997,11.6,0,11,1,9.1,0.95,0.09,0,0,20.1,0,0,0,Matches
Keven Schlotterbeck\f6bdc830,de GER,DF,Freiburg,24,1997,3.5,0,1,0,0,0.29,0,0,,14.9,0,0,0,Matches
Nico Schlotterbeck\34e12499,de GER,DF,Freiburg,21,1999,30.9,4,37,18,48.6,1.2,0.58,0.11,0.22,12.2,0,0,0,Matches
Jonathan Schmid\088ca1bd,fr FRA,DF,Freiburg,31,1990,6.5,0,5,1,20,0.77,0.15,0,0,22.7,1,0,0,Matches
Benno Schmitz\ad00b1a8,de GER,DF,Köln,26,1994,26.9,0,12,3,25,0.45,0.11,0,0,21.2,0,0,0,Matches
Alessandro Schöpf\106bca06,at AUT,MF,Arminia,27,1994,26.6,1,35,9,25.7,1.31,0.34,0.03,0.11,20.3,2,0,0,Matches
Nico Schulz\fa274d97,de GER,DF,Dortmund,28,1993,9.3,0,3,2,66.7,0.32,0.22,0,0,14.8,0,0,0,Matches
Marvin Schwäbe\87436846,de GER,GK,Köln,26,1995,21,0,0,0,,0,0,,,,0,0,0,Matches
Alexander Schwolow\0d55d942,de GER,GK,Hertha BSC,29,1992,24.2,0,0,0,,0,0,,,,0,0,0,Matches
Paul Seguin\8872ed17,de GER,MF,Greuther Fürth,26,1995,23.4,0,11,2,18.2,0.47,0.09,0,0,22,2,0,0,Matches
Davie Selke\1238a3f9,de GER,FW,Hertha BSC,26,1995,11.2,4,23,9,39.1,2.06,0.81,0.13,0.33,12.8,0,1,1,Matches
Lion Semi?\87ebd8c9,de GER,DF,Dortmund,17,2003,0,0,0,0,,0,0,,,,0,0,0,Matches
Suat Serdar\b3325a30,de GER,MFFW,Hertha BSC,24,1997,24.6,3,33,10,30.3,1.34,0.41,0.09,0.3,17.2,0,0,0,Matches
Janni Serra\40b58bfc,de GER,FW,Arminia,23,1998,12.4,3,24,10,41.7,1.93,0.81,0.13,0.3,13.1,0,0,0,Matches
Zidan Sertdemir\eec1f7f4,dk DEN,MFFW,Leverkusen,16,2005,0.2,0,0,0,,0,0,,,,0,0,0,Matches
Nils Seufert\0da32a38,de GER,MF,Greuther Fürth,24,1997,1.1,0,0,0,,0,0,,,,0,0,0,Matches
Kiliann Sildillia\313254a3,fr FRA,DF,Freiburg,19,2002,1.9,0,0,0,,0,0,,,,0,0,0,Matches
André Silva\3effaa34,pt POR,FW,RB Leipzig,25,1995,23.1,11,54,23,42.6,2.34,1,0.15,0.35,11.1,0,3,3,Matches
Mohamed Simakan\fcb27134,fr FRA,DF,RB Leipzig,21,2000,22.3,1,12,3,25,0.54,0.13,0.08,0.33,11.4,0,0,0,Matches
Daley Sinkgraven\73000a79,nl NED,DF,Leverkusen,26,1995,3.9,0,1,1,100,0.26,0.26,0,0,11.7,0,0,0,Matches
Tobias Sippel\0d8a37c2,de GER,GK,M'Gladbach,33,1988,1,0,0,0,,0,0,,,,0,0,0,Matches
Hugo Siquet\c6cf860f,be BEL,DF,Freiburg,19,2002,0.2,0,0,0,,0,0,,,,0,0,0,Matches
Ellyes Skhiri\c2211709,tn TUN,MF,Köln,26,1995,20.2,4,23,8,34.8,1.14,0.4,0.17,0.5,15.1,0,0,0,Matches
Robert Skov\ff98492b,dk DEN,DFFW,Hoffenheim,25,1996,4.1,0,12,2,16.7,2.93,0.49,0,0,17.8,1,0,0,Matches
Danilo Soares\c05f2f8c,br BRA,DF,Bochum,29,1991,28.5,0,13,1,7.7,0.46,0.04,0,0,25.2,2,0,0,Matches
Yann Sommer\420c18a1,ch SUI,GK,M'Gladbach,32,1988,33,0,0,0,,0,0,,,,0,0,0,Matches
Borna Sosa\af0d79a9,hr CRO,DF,Stuttgart,23,1998,27.8,1,25,6,24,0.9,0.22,0.04,0.17,22,2,0,0,Matches
Djibril Sow\4c6facae,ch SUI,MF,Eint Frankfurt,24,1997,26.8,2,16,3,18.8,0.6,0.11,0.13,0.67,23.8,0,0,0,Matches
Jerry St. Juste\90339309,nl NED,DF,Mainz 05,24,1996,6.7,1,12,3,25,1.79,0.45,0.08,0.33,16.9,1,0,0,Matches
Anton Stach\0f59a7bf,de GER,MF,Mainz 05,22,1998,20.7,1,49,12,24.5,2.37,0.58,0.02,0.08,24.8,8,0,0,Matches
Kostas Stafylidis\861e0116,gr GRE,DFMF,Bochum,27,1993,15.4,0,16,5,31.3,1.04,0.32,0,0,28.4,3,0,0,Matches
Josip Staniši?\7ed08d5c,hr CRO,DF,Bayern Munich,21,2000,7.2,1,4,3,75,0.56,0.42,0.25,0.33,11,0,0,0,Matches
Niklas Stark\aad48be9,de GER,DFMF,Hertha BSC,26,1995,22.6,1,12,4,33.3,0.53,0.18,0.08,0.25,13.8,0,0,0,Matches
Renato Steffen\dd669209,ch SUI,FWMF,Wolfsburg,29,1991,10.7,0,13,2,15.4,1.21,0.19,0,0,14.3,0,0,0,Matches
Pascal Stenzel\99f7e9aa,de GER,DF,Stuttgart,25,1996,10,0,7,3,42.9,0.7,0.3,0,0,24.9,1,0,0,Matches
Angelo Stiller\3b1ed320,de GER,MF,Hoffenheim,20,2001,18.8,2,15,4,26.7,0.8,0.21,0.13,0.5,17.2,0,0,0,Matches
Lars Stindl\7cd6badb,de GER,MFFW,M'Gladbach,32,1988,18.1,4,42,14,33.3,2.32,0.77,0.1,0.29,18,2,0,2,Matches
Kevin Stöger\e5649a78,at AUT,MFFW,Mainz 05,27,1993,4.7,1,16,6,37.5,3.44,1.29,0.06,0.17,20.4,3,0,0,Matches
Tobias Strobl\17780d2b,de GER,MFDF,Augsburg,31,1990,3.6,0,2,1,50,0.56,0.28,0,0,17,0,0,0,Matches
Niklas Süle\e33c06cf,de GER,DF,Bayern Munich,25,1995,20.4,1,16,6,37.5,0.78,0.29,0.06,0.17,17.6,0,0,0,Matches
Ádám Szalai\53e07d0b,hu HUN,FW,Mainz 05,33,1987,2.9,1,9,3,33.3,3.12,1.04,0.11,0.33,13.5,0,0,0,Matches
Dominik Szoboszlai\934e1968,hu HUN,MFFW,RB Leipzig,20,2000,17.1,6,40,14,35,2.33,0.82,0.15,0.43,21.8,7,0,1,Matches
Jonathan Tah\bd142efb,de GER,DF,Leverkusen,25,1996,32,2,15,3,20,0.47,0.09,0.13,0.67,10.5,0,0,0,Matches
Edmond Tapsoba\a73c8f95,bf BFA,DF,Leverkusen,22,1999,20.2,1,7,1,14.3,0.35,0.05,0.14,1,9.1,0,0,0,Matches
Niklas Tauer\27270af4,de GER,DFMF,Mainz 05,20,2001,5.4,0,2,2,100,0.37,0.37,0,0,19.4,0,0,0,Matches
Robert Tesche\037130ca,de GER,MF,Bochum,34,1987,3.9,0,2,0,0,0.52,0,0,,15,0,0,0,Matches
Cedric Teuchert\f956479d,de GER,MFFW,Union Berlin,24,1997,1.2,0,3,1,33.3,2.57,0.86,0,0,14.7,0,0,0,Matches
Jan Thielmann\fd53759d,de GER,MFFW,Köln,19,2002,13.2,3,15,6,40,1.13,0.45,0.2,0.5,22.3,0,0,0,Matches
Erik Thommy\df8e7b62,de GER,DFFW,Stuttgart,26,1994,3,0,10,4,40,3.28,1.31,0,0,22.9,0,0,0,Matches
Marcus Thuram\6f8cd6d0,fr FRA,FWMF,M'Gladbach,23,1997,10.9,3,33,10,30.3,3.03,0.92,0.09,0.3,12.8,0,0,0,Matches
Alexis Tibidi\ca6f4846,fr FRA,FWMF,Stuttgart,17,2003,4.3,0,4,1,25,0.94,0.23,0,0,12.9,0,0,0,Matches
Steffen Tigges\6b8887c2,de GER,FWMF,Dortmund,23,1998,1.2,3,4,3,75,3.21,2.41,0.75,1,8.2,0,0,0,Matches
Malik Tillman\a5420709,us USA,FWMF,Bayern Munich,19,2002,1.2,0,1,1,100,0.87,0.87,0,0,13.6,0,0,0,Matches
Timothy Tillman\a5bea1fb,de GER,MF,Greuther Fürth,22,1999,22.3,1,23,8,34.8,1.03,0.36,0.04,0.13,18.6,2,0,0,Matches
Umut Tohumcu\e547d3cf,de GER,MF,Hoffenheim,16,2004,0.1,0,0,0,,0,0,,,,0,0,0,Matches
Corentin Tolisso\652d4c37,fr FRA,MF,Bayern Munich,26,1994,7.8,2,18,3,16.7,2.3,0.38,0.11,0.67,18.1,0,0,0,Matches
Tiago Tomás\b492126a,pt POR,FW,Stuttgart,19,2002,11.9,4,28,15,53.6,2.34,1.26,0.14,0.27,14.7,0,0,0,Matches
Jordan Torunarigha\f86cabbd,de GER,DF,Hertha BSC,23,1997,5.4,0,2,0,0,0.37,0,0,,9,0,0,0,Matches
Almamy Touré\c8c60119,ml MLI,DF,Eint Frankfurt,25,1996,5.6,0,6,2,33.3,1.07,0.36,0,0,12.7,0,0,0,Matches
Lucas Tousart\71ec39ef,fr FRA,MF,Hertha BSC,24,1997,21.8,2,24,7,29.2,1.1,0.32,0.08,0.29,18.5,0,0,0,Matches
Kevin Trapp\ce17b5eb,de GER,GK,Eint Frankfurt,31,1990,32,0,0,0,,0,0,,,,0,0,0,Matches
Christopher Trimmel\056d2d95,at AUT,DF,Union Berlin,34,1987,22.1,2,20,5,25,0.9,0.23,0.1,0.4,17.7,1,0,0,Matches
Philipp Tschauner\73e2f6eb,de GER,GK,RB Leipzig,35,1985,0,0,0,0,,0,0,,,,0,0,0,Matches
Tuta\35d64857,br BRA,DF,Eint Frankfurt,22,1999,24.3,4,15,6,40,0.62,0.25,0.27,0.67,11.5,0,0,0,Matches
Anthony Ujah\99be8fb5,ng NGA,FWMF,Union Berlin,30,1990,0.4,0,3,1,33.3,7.71,2.57,0,0,13.9,0,0,0,Matches
Sven Ulreich\7d3e7da6,de GER,GK,Bayern Munich,32,1988,6,0,0,0,,0,0,,,,0,0,0,Matches
Dayot Upamecano\d248cd8f,fr FRA,DF,Bayern Munich,22,1998,24.6,1,10,1,10,0.41,0.04,0.1,1,12.3,0,0,0,Matches
Benjamin Uphoff\a9a6fc08,de GER,GK,Freiburg,27,1993,2,0,0,0,,0,0,,,,0,0,0,Matches
Mark Uth\a3ddb1b9,de GER,MFFW,Köln,29,1991,22.5,5,69,19,27.5,3.07,0.84,0.07,0.26,17.8,4,0,0,Matches
Ruben Vargas\6ecbddf6,ch SUI,MFFW,Augsburg,22,1998,22,1,39,6,15.4,1.77,0.27,0.03,0.17,17.9,0,0,0,Matches
Sebastian Vasiliadis\d3112d86,gr GRE,MF,Arminia,23,1997,13.3,0,12,2,16.7,0.91,0.15,0,0,24.5,0,0,0,Matches
Mickey van de Ven\8fe2a392,nl NED,DF,Wolfsburg,20,2001,2.1,0,0,0,,0,0,,,,0,0,0,Matches
Vincent Vermeij\7e629adc,nl NED,MF,Freiburg,26,1994,0,0,0,0,,0,0,,,,0,0,0,Matches
Gabriel Vidovic\5360a956,hr CRO,MF,Bayern Munich,17,2003,0.4,0,0,0,,0,0,,,,0,0,0,Matches
Nick Viergever\e38f1636,nl NED,DF,Greuther Fürth,31,1989,23.7,0,2,1,50,0.08,0.04,0,0,4.9,0,0,0,Matches
Andreas Voglsammer\daa78200,de GER,FWMF,Union Berlin,29,1992,9.8,2,34,15,44.1,3.47,1.53,0.06,0.13,13.4,2,0,0,Matches
Kevin Vogt\1d8e9add,de GER,DF,Hoffenheim,29,1991,28.5,0,3,0,0,0.11,0,0,,29.8,0,0,0,Matches
Aster Vranckx\f86cd5df,be BEL,MF,Wolfsburg,18,2002,12.7,2,25,8,32,1.97,0.63,0.08,0.25,20.1,4,0,0,Matches
Luca Waldschmidt\e5a35ae9,de GER,MFFW,Wolfsburg,25,1996,8,1,17,3,17.6,2.13,0.38,0.06,0.33,16.9,0,0,0,Matches
Paul Wanner\cb64672e,de GER,FWMF,Bayern Munich,15,2005,0.4,0,0,0,,0,0,,,,0,0,0,Matches
Wout Weghorst\c4e87b8b,nl NED,FW,Wolfsburg,28,1992,17.3,6,38,19,50,2.2,1.1,0.13,0.26,11.9,0,1,2,Matches
Noah Weißhaupt\dd676a97,de GER,MFFW,Freiburg,19,2001,1.1,0,0,0,,0,0,,,,0,0,0,Matches
Silvan Widmer\f68b64fc,ch SUI,DF,Mainz 05,28,1993,32.4,4,23,8,34.8,0.71,0.25,0.17,0.5,16.4,0,0,0,Matches
Jetro Willems\9050ddc4,nl NED,DF,Greuther Fürth,27,1994,17.8,1,12,3,25,0.68,0.17,0.08,0.33,20.3,1,0,0,Matches
Patrick Wimmer\cb11b429,at AUT,FWMF,Arminia,20,2001,22.8,3,57,15,26.3,2.5,0.66,0.05,0.2,19.3,3,0,0,Matches
Jonas Wind\2077ae86,dk DEN,FWMF,Wolfsburg,22,1999,13.1,5,35,16,45.7,2.67,1.22,0.14,0.31,13.6,0,0,0,Matches
Marten Winkler\e0d515ef,de GER,MF,Hertha BSC,18,2002,0.3,0,0,0,,0,0,,,,0,0,0,Matches
Frederik Winther\a1257b5e,dk DEN,DF,Augsburg,20,2001,3.6,0,0,0,,0,0,,,,0,0,0,Matches
Florian Wirtz\e7fcf289,de GER,MFFW,Leverkusen,18,2003,20.6,7,36,13,36.1,1.75,0.63,0.19,0.54,16.6,1,0,0,Matches
Axel Witsel\5dfc6ad5,be BEL,MFDF,Dortmund,32,1989,21.6,2,8,2,25,0.37,0.09,0.25,1,20.8,0,0,0,Matches
Hannes Wolf\be42a291,at AUT,FWMF,M'Gladbach,22,1999,3.4,0,6,2,33.3,1.76,0.59,0,0,18.7,1,0,0,Matches
Marius Wolf\fa661778,de GER,DFFW,Dortmund,26,1995,14.7,3,21,10,47.6,1.43,0.68,0.14,0.3,15.6,0,0,0,Matches
Luca Wollschläger\24b8e7bd,de GER,FW,Hertha BSC,18,2003,0.2,0,1,0,0,5.63,0,0,,19.7,0,0,0,Matches
Jeong Woo-yeong\6190474d,kr KOR,FWMF,Freiburg,21,1999,19.8,5,51,19,37.3,2.58,0.96,0.1,0.26,16.1,0,0,0,Matches
Joscha Wosz\80c9e555,de GER,DF,RB Leipzig,19,2002,0.1,0,0,0,,0,0,,,,0,0,0,Matches
Dan-Axel Zagadou\a4effc55,fr FRA,DF,Dortmund,22,1999,10.6,0,3,1,33.3,0.28,0.09,0,0,7.2,0,0,0,Matches
Denis Zakaria\384d58d9,ch SUI,MFDF,M'Gladbach,24,1996,15.5,2,18,4,22.2,1.16,0.26,0.11,0.5,23.2,0,0,0,Matches
Deyovaisio Zeefuik\58a2e9f6,nl NED,DFMF,Hertha BSC,23,1998,6.3,0,0,0,,0,0,,,,0,0,0,Matches
Robin Zentner\5c4bf6ba,de GER,GK,Mainz 05,26,1994,32,0,0,0,,0,0,,,,0,0,0,Matches
Andi Zeqiri\d01231f0,ch SUI,FWMF,Augsburg,22,1999,11.3,2,32,9,28.1,2.83,0.8,0.06,0.22,16.3,0,0,0,Matches
Simon Zoller\29f7cfd9,de GER,FW,Bochum,30,1991,6.6,3,11,7,63.6,1.66,1.06,0.27,0.43,11.1,0,0,0,Matches
