Player,Nation,Pos,Squad,Age,Born,90s,Gls,Sh,SoT,SoT%,Sh/90,SoT/90,G/Sh,G/SoT,Dist,PK,PKatt,Matches
Daniel A. Pedersen\f3dd2e06,dk DEN,MF,Brann,28,1992,10.4,1,10,1,10,0.96,0.1,0.1,1,,0,0,Matches
Syver Aas\b25d02b7,no NOR,MF,Odd,17,2004,1.8,1,5,3,60,2.74,1.65,0.2,0.33,,0,0,Matches
Christoffer Aasbak\d77f1a42,no NOR,DF,Kristiansund,27,1993,14.8,1,17,5,29.4,1.15,0.34,0.06,0.2,,0,0,Matches
Stian Aasmundsen\6a6bf0f1,no NOR,MF,Mjøndalen,31,1989,15.6,0,7,2,28.6,0.45,0.13,0,0,,0,0,Matches
Sam Adekugbe\7f2309be,ca CAN,DF,Vålerenga,26,1995,12,0,4,1,25,0.33,0.08,0,0,,0,0,Matches
Pål Alexander Kirkevold\60dc8778,no NOR,FW,Stabæk,30,1990,7,1,19,4,21.1,2.7,0.57,0.05,0.25,,0,0,Matches
Philip Alexander Slørdahl\d442ad04,no NOR,DF,Lillestrøm,20,2000,9.5,0,4,1,25,0.42,0.11,0,0,,0,0,Matches
Ole Amund Sveen\44e30cb6,no NOR,MF,Mjøndalen,31,1990,18,1,23,5,21.7,1.28,0.28,0.04,0.2,,0,0,Matches
Isak Amundsen\7fdb872a,no NOR,DF,Tromsø,21,1999,19.7,1,2,2,100,0.1,0.1,0.5,0.5,,0,0,Matches
Magnus Andersen\1aca259c,no NOR,MF,Tromsø,34,1986,0.6,0,1,0,0,1.8,0,0,,,0,0,Matches
Adam Andersson\ecf8b85f,se SWE,DF,Rosenborg,24,1996,25.6,0,17,4,23.5,0.66,0.16,0,0,,0,0,Matches
Fredrik André Bjørkan\3724baa1,no NOR,DF,Bodø/Glimt,22,1998,25.5,2,18,4,22.2,0.71,0.16,0.11,0.5,,0,0,Matches
Pål André Helland\ef8f266e,no NOR,FW,Lillestrøm,31,1990,3.9,1,22,7,31.8,5.71,1.82,0.05,0.14,,0,0,Matches
Markus Andreas Kaasa\0a7fa520,no NOR,MF,Odd,23,1997,27.2,2,36,11,30.6,1.33,0.4,0.06,0.18,,0,0,Matches
Aleksander Andresen\b44abbe1,no NOR,FW,Stabæk,15,2005,0.2,0,0,0,,0,0,,,,0,0,Matches
Chuma Anene\43718610,no NOR,FW,Sandefjord,27,1993,0.1,0,0,0,,0,0,,,,0,0,Matches
Kent-Are Antonsen\f374a4b3,no NOR,DFMF,Tromsø,25,1995,13.6,1,10,4,40,0.74,0.29,0.1,0.25,,0,1,Matches
Viðar Ari Jónsson\f816d98c,is ISL,FWDF,Sandefjord,26,1994,27.7,11,71,24,33.8,2.57,0.87,0.15,0.46,,0,0,Matches
Gjermund Åsen\6b767188,no NOR,FWMF,Lillestrøm,29,1991,24.6,2,54,23,42.6,2.2,0.93,0.04,0.09,,0,0,Matches
Amin Askar\940efd73,et ETH,DFMF,Kristiansund,35,1985,8,0,5,2,40,0.62,0.25,0,0,,0,0,Matches
Jonathan Augustinsson\7311c03b,se SWE,DF,Rosenborg,24,1996,7.4,0,3,0,0,0.41,0,0,,,0,0,Matches
Sondre Auklend\aa744585,no NOR,FW,Viking,17,2003,2.6,0,8,0,0,3.1,0,0,,,0,0,Matches
Fredrik Aursnes\f0677ed7,no NOR,MF,Molde,25,1995,14.5,1,12,5,41.7,0.83,0.34,0.08,0.2,,0,0,Matches
Iven Austbø\f461ebf7,no NOR,GK,Viking,35,1985,10,0,0,0,,0,0,,,,0,0,Matches
Fitim Azemi\2cd030ea,no NOR,FW,Stabæk,28,1992,12.7,2,23,11,47.8,1.81,0.86,0.09,0.18,,0,1,Matches
Mushaga Bakenga\c322feb0,no NOR,FW,Odd,28,1992,9.8,11,29,17,58.6,2.97,1.74,0.21,0.35,,5,5,Matches
Daouda Bamba\543e1eb6,ci CIV,FW,Brann,25,1995,12.4,6,32,13,40.6,2.58,1.05,0.19,0.46,,0,0,Matches
Frank Bamenye\6edfd46a,no NOR,FW,Mjøndalen,19,2001,0.1,0,0,0,,0,0,,,,0,0,Matches
Kristoffer Barmen\0f89f7b3,no NOR,DFMF,Brann,27,1993,9.9,0,5,1,20,0.51,0.1,0,0,,0,0,Matches
Joe Bell\7825847e,nz NZL,MF,Viking,21,1999,26.5,1,25,8,32,0.94,0.3,0.04,0.13,,0,0,Matches
Patrick Berg\e4114f5d,no NOR,MF,Bodø/Glimt,23,1997,25.3,3,43,14,32.6,1.7,0.55,0.05,0.14,,1,2,Matches
Martin Bergum\84b68123,no NOR,MF,Lillestrøm,18,2002,0.1,0,0,0,,0,0,,,,0,0,Matches
Veton Berisha\9c145144,no NOR,FW,Viking,26,1994,25.9,22,81,42,51.9,3.12,1.62,0.2,0.38,,6,6,Matches
Daniel Berntsen\dbafa9b1,no NOR,MF,Tromsø,27,1993,11.2,0,13,2,15.4,1.16,0.18,0,0,,0,0,Matches
Henrik Bjørdal\7e2c5d75,no NOR,MFDF,Vålerenga,23,1997,29.5,4,39,13,33.3,1.32,0.44,0.05,0.15,,2,2,Matches
Martin Bjørnbak\eb49bd3f,no NOR,DF,Molde,28,1992,25.8,3,14,4,28.6,0.54,0.16,0.21,0.75,,0,0,Matches
Sondre Bjørshol\d9e76115,no NOR,DF,Viking,26,1994,5.7,1,8,3,37.5,1.4,0.52,0.13,0.33,,0,0,Matches
Sulayman Bojang\8f87b70a,gm GAM,MF,Sarpsborg 08,23,1997,5.5,0,1,0,0,0.18,0,0,,,0,0,Matches
Sulayman Bojang\8f87b70a,gm GAM,DF,Haugesund,23,1997,1.3,0,0,0,,0,0,,,,0,0,Matches
Mathis Bolly\e9895d1c,ci CIV,MFFW,Stabæk,30,1990,6,3,6,4,66.7,1.01,0.67,0.5,0.75,,0,0,Matches
Mathis Bolly\e9895d1c,ci CIV,FWMF,Molde,30,1990,0.8,0,2,0,0,2.43,0,0,,,0,0,Matches
Victor Boniface\b146275b,ng NGA,FW,Bodø/Glimt,20,2000,0,0,0,0,,0,0,,,,0,0,Matches
Christian Borchgrevink\4505c242,no NOR,DF,Vålerenga,21,1999,22.5,3,22,7,31.8,0.98,0.31,0.14,0.43,,0,0,Matches
Erik Botheim\3d13d9e4,no NOR,FW,Bodø/Glimt,21,2000,29.2,15,69,34,49.3,2.36,1.16,0.22,0.44,,0,0,Matches
Jonatan Braut Brunes\36adbbe0,no NOR,FW,Lillestrøm,20,2000,2.5,1,12,6,50,4.84,2.42,0.08,0.17,,0,0,Matches
Jonas Brauti\936ba0f5,no NOR,GK,Stabæk,21,1999,1.4,0,0,0,,0,0,,,,0,0,Matches
Emil Breivik\611f4f60,no NOR,MFFW,Molde,20,2000,12.3,1,23,6,26.1,1.86,0.49,0.04,0.17,,0,0,Matches
David Brekalo\fd594b15,si SVN,DF,Viking,22,1998,8.7,2,9,3,33.3,1.03,0.34,0.22,0.67,,0,0,Matches
Bendik Brevik\24b9e1d0,no NOR,DF,Kristiansund,17,2003,0,0,0,0,,0,0,,,,0,0,Matches
Josef Brian Baccay\ea005201,no NOR,FW,Lillestrøm,19,2001,0,0,0,0,,0,0,,,,0,0,Matches
Tonny Brochmann\9d75ac94,dk DEN,MF,Mjøndalen,31,1989,4.7,1,7,2,28.6,1.49,0.42,0.14,0.5,,0,1,Matches
Sondre Brunstad Fet\c1d9bf1f,no NOR,MF,Bodø/Glimt,24,1997,20.4,3,24,6,25,1.18,0.29,0.13,0.5,,0,0,Matches
Fredrik Brustad\f1d0e50d,no NOR,FW,Mjøndalen,31,1989,14.4,2,20,7,35,1.38,0.48,0.1,0.29,,0,0,Matches
Ola Brynhildsen\ffe5ecdb,no NOR,MF,Molde,21,1999,26.6,5,71,27,38,2.67,1.02,0.07,0.19,,0,0,Matches
Bendik Bye\fed73448,no NOR,FWMF,Kristiansund,30,1990,20.8,7,69,30,43.5,3.32,1.44,0.07,0.17,,2,3,Matches
Magnus Bækken\0c226fd1,no NOR,FW,Mjøndalen,19,2001,0.5,0,0,0,,0,0,,,,0,0,Matches
Anders Bærtelsen\d234b7e7,dk DEN,DF,Haugesund,20,2000,10,0,6,1,16.7,0.6,0.1,0,0,,0,0,Matches
Dario ?ana?ija\da933459,hr CRO,MF,Sarpsborg 08,26,1994,9.4,1,11,3,27.3,1.16,0.32,0.09,0.33,,0,0,Matches
Emil Ceide\98a84572,no NOR,FWMF,Rosenborg,19,2001,16.9,5,20,10,50,1.18,0.59,0.25,0.5,,0,0,Matches
Mikkel Ceide\1318200b,no NOR,DF,Rosenborg,19,2001,0.1,0,0,0,,0,0,,,,0,0,Matches
Marcos Celorrio\f7e488f9,es ESP,FW,Sandefjord,23,1997,0.2,0,0,0,,0,0,,,,0,0,Matches
Tobias Christensen\d87d58e7,no NOR,MFFW,Vålerenga,20,2000,23.7,3,37,9,24.3,1.56,0.38,0.08,0.33,,0,0,Matches
Ole Christian Sæter\6f8fc4e0,no NOR,FW,Rosenborg,24,1996,0,0,0,0,,0,0,,,,0,0,Matches
Mads Christiansen\0c872cdf,no NOR,GK,Lillestrøm,20,2000,24,0,0,0,,0,0,,,,0,0,Matches
Per Ciljan Skjelbred\ecab64a0,no NOR,MF,Rosenborg,33,1987,10.4,1,3,2,66.7,0.29,0.19,0.33,0.5,,0,0,Matches
Aliou Coly\027bd318,sn SEN,DF,Kristiansund,28,1992,25,1,18,2,11.1,0.72,0.08,0.06,0.5,,0,0,Matches
Alex Craninx\b947001e,es ESP,GK,Lillestrøm,25,1995,2,0,0,0,,0,0,,,,0,0,Matches
Erlend Dahl Reitan\6b14ce11,no NOR,DF,Rosenborg,23,1997,27.7,1,21,3,14.3,0.76,0.11,0.05,0.33,,0,0,Matches
Rolf Daniel Vikstøl\403d44ed,no NOR,DF,Viking,31,1989,14.8,2,10,2,20,0.68,0.14,0.2,1,,0,0,Matches
Brynjolfur Darri Willumsson\a597bf9a,is ISL,FWMF,Kristiansund,20,2000,7.9,0,19,7,36.8,2.4,0.88,0,0,,0,0,Matches
Filip Delaveris\1ad971b6,no NOR,FWMF,Brann,20,2000,4.8,0,11,4,36.4,2.29,0.83,0,0,,0,0,Matches
Mikkel Desler\1d5c96f8,dk DEN,DF,Haugesund,25,1995,10,1,8,5,62.5,0.8,0.5,0.13,0.2,,0,0,Matches
Ole Didrik Blomberg\250abfbf,no NOR,DF,Brann,20,2000,11,0,8,3,37.5,0.73,0.27,0,0,,0,0,Matches
Amidou Diop\f7f657a4,sn SEN,MF,Kristiansund,28,1992,22.5,0,34,2,5.9,1.51,0.09,0,0,,0,0,Matches
Vetle Dragsnes\6062bd22,no NOR,MFDF,Lillestrøm,26,1994,29.7,2,27,4,14.8,0.91,0.13,0.07,0.5,,0,0,Matches
Mathias Dyngeland\00a0b181,no NOR,GK,Vålerenga,25,1995,2.4,0,0,0,,0,0,,,,0,0,Matches
Mikael Dyrestam\3354f7d4,gn GUI,DF,Sarpsborg 08,29,1991,23.3,0,8,1,12.5,0.34,0.04,0,0,,0,0,Matches
Aron Dønnum\10cff752,no NOR,FW,Vålerenga,22,1998,8.5,6,30,11,36.7,3.54,1.3,0.13,0.36,,2,3,Matches
Moses Ebiye\8bc0c3cd,ng NGA,FW,Tromsø,23,1997,17.6,8,48,19,39.6,2.72,1.08,0.17,0.42,,0,0,Matches
Zé Eduardo\cb2d343d,br BRA,MF,Sandefjord,29,1991,6.5,0,6,1,16.7,0.92,0.15,0,0,,0,0,Matches
Oliver Edvardsen\b54b05e2,no NOR,FWMF,Stabæk,21,1999,18.4,7,30,14,46.7,1.63,0.76,0.23,0.5,,0,0,Matches
Vetle Egeli\fed7524b,no NOR,MF,Sandefjord,16,2004,0.5,0,0,0,,0,0,,,,0,0,Matches
Martin Ellingsen\1d42db4a,no NOR,MF,Molde,25,1995,5.5,2,17,4,23.5,3.09,0.73,0,0,,2,2,Matches
Mathias Emilsen\eca45998,no NOR,MF,Vålerenga,17,2003,0.2,0,0,0,,0,0,,,,0,0,Matches
Andreas Endresen\901d82bc,no NOR,FW,Haugesund,18,2003,0.1,0,0,0,,0,0,,,,0,0,Matches
Jacob Eng\b8b63e3e,no NOR,FW,Vålerenga,16,2004,0.5,0,0,0,,0,0,,,,0,0,Matches
Pål Erik Ulvestad\abcce9e2,no NOR,MF,Kristiansund,30,1990,9.3,0,11,0,0,1.18,0,0,,,0,0,Matches
Ivar Erlien Furu\8dffc38c,no NOR,DF,Kristiansund,26,1994,1,0,3,0,0,2.9,0,0,,,0,0,Matches
Runar Espejord\16322a52,no NOR,FW,Tromsø,24,1996,9.1,0,20,6,30,2.2,0.66,0,0,,0,0,Matches
Henrik Falchener\57fe6b9b,no NOR,DF,Sandefjord,17,2003,0.9,0,0,0,,0,0,,,,0,0,Matches
Kristian Fardal Opseth\769f9f28,no NOR,FW,Sarpsborg 08,31,1990,6.7,5,21,6,28.6,3.13,0.89,0.24,0.83,,0,0,Matches
Julian Faye-Lund\ca3fff03,no NOR,GK,Rosenborg,21,1999,4.3,0,0,0,,0,0,,,,0,0,Matches
Bård Finne\78699620,no NOR,FWMF,Brann,25,1995,11.7,4,41,15,36.6,3.51,1.28,0.1,0.27,,0,0,Matches
David Fofana\e82900ef,ci CIV,FW,Molde,18,2002,3.6,0,14,6,42.9,3.94,1.69,0,0,,0,0,Matches
Vegard Forren\d75eebda,no NOR,DF,Brann,32,1988,9.1,0,3,0,0,0.33,0,0,,,0,0,Matches
Sander Foss\dd6c1712,no NOR,DF,Sandefjord,22,1998,27,2,10,3,30,0.37,0.11,0.2,0.67,,0,0,Matches
Ulrik Fredriksen\f8242397,no NOR,DF,Haugesund,21,1999,26,1,12,1,8.3,0.46,0.04,0.08,1,,0,0,Matches
Fred Friday\fbaf247c,ng NGA,FW,Strømsgodset,25,1995,27.6,7,72,25,34.7,2.61,0.91,0.1,0.28,,0,0,Matches
Samúel Friðjónsson\55557b25,is ISL,MF,Viking,24,1996,16.6,5,37,10,27,2.23,0.6,0.14,0.5,,0,0,Matches
Espen Garnås\f0d43928,no NOR,DF,Lillestrøm,26,1994,25.8,2,21,5,23.8,0.81,0.19,0.1,0.4,,0,0,Matches
Christian Gauseth\497627e2,no NOR,MF,Mjøndalen,36,1984,13.7,0,8,3,37.5,0.58,0.22,0,0,,0,1,Matches
Herman Geelmuyden\d03e4082,no NOR,MF,Stabæk,19,2002,6.8,2,13,8,61.5,1.91,1.18,0.15,0.25,,0,0,Matches
Lennart Grill\37998008,de GER,GK,Brann,22,1999,13,0,0,0,,0,0,,,,0,0,Matches
Magnus Grødem\f6e8ee38,no NOR,MF,Molde,22,1998,3.2,1,6,2,33.3,1.9,0.63,0.17,0.5,,0,0,Matches
Thomas Grøgaard\836689d0,no NOR,DF,Strømsgodset,26,1994,8.1,0,3,1,33.3,0.37,0.12,0,0,,0,0,Matches
Thomas Grøgaard\836689d0,no NOR,MFDF,Brann,26,1994,3,0,1,0,0,0.33,0,0,,,0,0,Matches
Tobias Gulliksen\7f24d8d9,no NOR,MFFW,Strømsgodset,17,2003,21.5,5,32,12,37.5,1.49,0.56,0.16,0.42,,0,0,Matches
Jostein Gundersen\bf4aca93,no NOR,DF,Tromsø,24,1996,17.7,0,18,3,16.7,1.02,0.17,0,0,,0,0,Matches
Kristoff Gunnarshaug\d1508ecc,no NOR,MF,Haugesund,21,1999,0.4,0,0,0,,0,0,,,,0,0,Matches
Niklas Gunnarsson\64fbb7f4,no NOR,DF,Strømsgodset,29,1991,17,0,6,1,16.7,0.35,0.06,0,0,,0,0,Matches
Patrik Gunnarsson\4d39152d,is ISL,GK,Viking,20,2000,6.2,0,0,0,,0,0,,,,0,0,Matches
Sivert Gussiås\16855f19,no NOR,FW,Sandefjord,21,1999,2.2,1,6,3,50,2.7,1.35,0.17,0.33,,0,1,Matches
Daniel Gustavsson\887e19ae,se SWE,FWMF,Lillestrøm,30,1990,17.5,2,19,5,26.3,1.09,0.29,0.11,0.4,,0,0,Matches
Mats Haakenstad\c85826b7,no NOR,DF,Sandefjord,27,1993,16.4,0,15,3,20,0.92,0.18,0,0,,0,0,Matches
Elias Hadaya\6c43465f,se SWE,GK,Kristiansund,22,1998,0.4,0,0,0,,0,0,,,,0,0,Matches
Tobias Hafstad\b76eec70,no NOR,FW,Tromsø,18,2002,0.1,0,0,0,,0,0,,,,0,0,Matches
Elias Hagen\7673e4bc,no NOR,MF,Bodø/Glimt,21,2000,7.9,0,19,4,21.1,2.41,0.51,0,0,,0,0,Matches
Steffen Hagen\2ba1985a,no NOR,DF,Odd,34,1986,6.2,0,0,0,,0,0,,,,0,0,Matches
Nikita Haikin\60831426,ru RUS,GK,Bodø/Glimt,25,1995,29,0,0,0,,0,0,,,,0,0,Matches
Thomas Hallstensen\f7e37b89,no NOR,MF,Odd,18,2002,0.1,0,0,0,,0,0,,,,0,0,Matches
Simen Hammershaug\fa7a3f3f,no NOR,FW,Strømsgodset,20,2000,0.1,0,0,0,,0,0,,,,0,0,Matches
Adrian Hansen\4b35ec8b,no NOR,DF,Mjøndalen,19,2001,3.1,0,3,0,0,0.98,0,0,,,0,0,Matches
André Hansen\5e91ddf8,no NOR,GK,Rosenborg,31,1989,25.7,0,0,0,,0,0,,,,0,0,Matches
Benjamin Hansen\8916e76c,dk DEN,DF,Haugesund,26,1994,29,2,8,4,50,0.28,0.14,0.25,0.5,,0,0,Matches
Kornelius Hansen\a7273643,no NOR,MFFW,Stabæk,19,2001,20.1,2,39,15,38.5,1.94,0.75,0.05,0.13,,0,0,Matches
Sondre Hanssen\12ff6acb,no NOR,DF,Strømsgodset,19,2001,1,0,0,0,,0,0,,,,0,0,Matches
Kjetil Haug\d3ae48eb,no NOR,GK,Vålerenga,22,1998,13.6,0,0,0,,0,0,,,,0,0,Matches
Fredrik Haugen\8b25b500,no NOR,MF,Stabæk,28,1992,11,3,22,12,54.5,1.99,1.09,0.14,0.25,,0,0,Matches
Herman Haugen\da9f4fa3,no NOR,DF,Viking,20,2000,2.1,0,1,1,100,0.47,0.47,0,0,,0,0,Matches
Kristoffer Haugen\52d7f819,no NOR,DF,Molde,26,1994,21.5,6,21,8,38.1,0.97,0.37,0.29,0.75,,0,0,Matches
Kent Håvard Eriksen\64dcc35f,no NOR,FW,Mjøndalen,29,1991,10.1,3,22,11,50,2.17,1.09,0.14,0.27,,0,0,Matches
Kent Håvard Eriksen\64dcc35f,no NOR,FW,Lillestrøm,29,1991,0.3,0,0,0,,0,0,,,,0,0,Matches
Aune Heggebø\70d2c6e7,no NOR,FW,Brann,19,2001,18.5,8,32,15,46.9,1.73,0.81,0.25,0.53,,0,0,Matches
Henrik Heggheim\8a3aabc1,no NOR,DF,Viking,19,2001,16.5,0,4,1,25,0.24,0.06,0,0,,0,0,Matches
Sivert Heltne Nilsen\d676dd35,no NOR,MF,Brann,29,1991,15,0,23,6,26.1,1.53,0.4,0,0,,0,0,Matches
Markus Henriksen\26acecd2,no NOR,MF,Rosenborg,28,1992,7.8,1,12,2,16.7,1.54,0.26,0.08,0.5,,0,0,Matches
Sebastian Henriksen\400256ed,no NOR,DF,Viking,18,2002,0,0,0,0,,0,0,,,,0,0,Matches
Leo Hermansen\fd401b77,no NOR,MF,Sarpsborg 08,17,2003,0,0,0,0,,0,0,,,,0,0,Matches
Eirik Hestad\315e74cf,no NOR,MFFW,Molde,25,1995,12.1,3,16,4,25,1.33,0.33,0.19,0.75,,0,0,Matches
Vebjørn Hoff\7b462b1e,no NOR,MF,Rosenborg,24,1996,15.5,0,12,1,8.3,0.77,0.06,0,0,,0,0,Matches
Noah Holm\61b77d0a,no NOR,FW,Rosenborg,19,2001,12.9,3,19,8,42.1,1.48,0.62,0.16,0.38,,0,0,Matches
Fredrik Holmé\3dddb2e4,no NOR,MF,Vålerenga,19,2001,0.1,0,0,0,,0,0,,,,0,0,Matches
Carlo Holse\e248e62f,dk DEN,FWMF,Rosenborg,21,1999,25.6,7,57,22,38.6,2.23,0.86,0.12,0.32,,0,0,Matches
Onyekachi Hope Ugwuadu\2eecbeb0,ng NGA,FW,Odd,23,1997,0.5,0,1,0,0,1.87,0,0,,,0,0,Matches
Andreas Hopmark\62b38ef8,no NOR,DFMF,Kristiansund,29,1991,28,1,12,3,25,0.43,0.11,0.08,0.33,,0,0,Matches
Johan Hove\0a32c00c,no NOR,MF,Strømsgodset,20,2000,27.7,6,63,24,38.1,2.27,0.87,0.1,0.25,,0,0,Matches
Runar Hove\ee3eec6e,no NOR,DF,Viking,25,1995,8.7,0,11,1,9.1,1.27,0.12,0,0,,0,0,Matches
Runar Hove\ee3eec6e,no NOR,DF,Brann,25,1995,5.3,0,7,1,14.3,1.32,0.19,0,0,,0,0,Matches
Even Hovland\d1fea02e,no NOR,DF,Rosenborg,31,1989,28.5,2,14,5,35.7,0.49,0.18,0.14,0.4,,0,0,Matches
Etzaz Hussain\c3853da6,no NOR,MF,Molde,28,1993,20.7,2,29,10,34.5,1.4,0.48,0.07,0.2,,0,0,Matches
Gaute Høberg Vetti\947239ca,no NOR,MF,Sarpsborg 08,22,1998,5.9,0,3,0,0,0.51,0,0,,,0,0,Matches
Marius Høibråten\952afd27,no NOR,DF,Bodø/Glimt,26,1995,15.5,1,14,2,14.3,0.9,0.13,0.07,0.5,,0,0,Matches
Tommy Høiland\b5e2ec59,no NOR,FWMF,Viking,31,1989,0.9,0,5,1,20,5.29,1.06,0,0,,0,0,Matches
Martin Høyland\4eb19c82,no NOR,MF,Stabæk,25,1995,6.4,1,5,3,60,0.78,0.47,0.2,0.33,,0,0,Matches
Shuaibu Ibrahim\e88ce61f,ng NGA,FW,Mjøndalen,24,1996,1.2,1,5,4,80,4.21,3.36,0.2,0.25,,0,0,Matches
Ogbu Igoh\8af1b3a2,ng NGA,DF,Lillestrøm,20,2000,25.9,1,15,3,20,0.58,0.12,0.07,0.33,,0,0,Matches
Yaw Ihle Amankwah\27f2d937,no NOR,DF,Stabæk,32,1988,10,1,5,3,60,0.5,0.3,0.2,0.33,,0,0,Matches
Bjørn Inge Utvik\5e388ecf,no NOR,DF,Sarpsborg 08,24,1996,26.4,0,12,2,16.7,0.45,0.08,0,0,,0,0,Matches
Mikael Ingebrigtsen\57ec4a53,no NOR,FWMF,Tromsø,24,1996,0.8,0,1,0,0,1.3,0,0,,,0,0,Matches
Jack Ipalibo\73e620c1,ng NGA,MF,Strømsgodset,22,1998,11.1,3,28,7,25,2.53,0.63,0.11,0.43,,0,0,Matches
Jesper Isaksen\043f7a23,no NOR,MF,Kristiansund,21,1999,10,1,12,3,25,1.21,0.3,0.08,0.33,,0,0,Matches
Dino Islamovi?\721608e5,me MNE,FW,Rosenborg,27,1994,16.5,6,57,21,36.8,3.46,1.28,0.11,0.29,,0,0,Matches
Daniel Janevski\ee722e58,se SWE,DF,Mjøndalen,28,1992,6,0,4,1,25,0.67,0.17,0,0,,0,0,Matches
Sebastian Jarl\d002e865,no NOR,MF,Sarpsborg 08,21,2000,1,0,1,0,0,1.02,0,0,,,0,0,Matches
Seedy Jatta\7b04c5cb,no NOR,FW,Vålerenga,17,2003,8.5,2,9,4,44.4,1.05,0.47,0.22,0.5,,0,0,Matches
Niklas Jensen\cb6bdd4a,no NOR,MF,Brann,16,2004,4.3,1,1,1,100,0.23,0.23,1,1,,0,0,Matches
Anders Jenssen\e62d881a,no NOR,DF,Tromsø,27,1993,22.7,1,13,3,23.1,0.57,0.13,0.08,0.33,,0,0,Matches
Milan Jevtovi?\34bf7740,rs SRB,FW,Odd,27,1993,3.1,0,3,1,33.3,0.96,0.32,0,0,,0,0,Matches
Eirik Johansen\576ea36c,no NOR,GK,Brann,28,1992,5,0,0,0,,0,0,,,,0,0,Matches
Peder Johansen\3370367b,no NOR,MF,Sandefjord,17,2003,0.1,0,0,0,,0,0,,,,0,0,Matches
Sondre Johansen\4893fefc,no NOR,DF,Mjøndalen,25,1995,16,1,8,3,37.5,0.5,0.19,0.13,0.33,,0,0,Matches
Kevin Johnsen\6c81108c,no NOR,DF,Odd,20,2000,0.6,0,0,0,,0,0,,,,0,0,Matches
Emil Jonassen\edbb7e67,no NOR,DF,Stabæk,27,1993,0.1,0,0,0,,0,0,,,,0,0,Matches
Emil Jonassen\edbb7e67,no NOR,DF,Odd,27,1993,1.8,0,1,1,100,0.57,0.57,0,0,,0,0,Matches
Filip Jörgensen\2e6e223a,no NOR,MF,Odd,18,2002,26.2,2,18,6,33.3,0.69,0.23,0.11,0.33,,0,0,Matches
Ole Jørgen Halvorsen\13d74bff,no NOR,FWMF,Sarpsborg 08,33,1987,10.7,1,13,5,38.5,1.21,0.47,0.08,0.2,,0,0,Matches
Kevin Kabran\a1d6139f,se SWE,FWMF,Viking,27,1993,20.1,3,52,8,15.4,2.58,0.4,0.06,0.38,,0,0,Matches
Jordan Kadiri\0ae77d52,ng NGA,FW,Strømsgodset,20,2000,1.8,1,6,2,33.3,3.29,1.1,0.17,0.5,,0,0,Matches
Kaan Kairinen\b3dcc2cf,fi FIN,MF,Lillestrøm,22,1998,16.6,1,18,4,22.2,1.09,0.24,0.06,0.25,,0,1,Matches
Liridon Kalludra\c22336ee,se SWE,MFFW,Kristiansund,29,1991,12.4,2,9,3,33.3,0.73,0.24,0.22,0.67,,0,0,Matches
Benjamin Karamoko\acb9db1b,ml MLI,DF,Sarpsborg 08,25,1995,16.7,0,10,0,0,0.6,0,0,,,0,0,Matches
Jacob Karlstrom\eb6fac77,no NOR,GK,Tromsø,24,1997,30,0,0,0,,0,0,,,,0,0,Matches
Sander Kartum\15aa1463,no NOR,MF,Kristiansund,25,1995,14,4,33,12,36.4,2.36,0.86,0.12,0.33,,0,0,Matches
Flamur Kastrati\f1972d2e,xk KVX,FW,Kristiansund,29,1991,2.8,0,3,0,0,1.07,0,0,,,0,0,Matches
Flamur Kastrati\f1972d2e,xk KVX,FW,Odd,29,1991,5.4,0,9,3,33.3,1.68,0.56,0,0,,0,0,Matches
Oleksiy Khoblenko\77d1f9af,ua UKR,FW,Stabæk,26,1994,1.6,0,3,1,33.3,1.91,0.64,0,0,,0,0,Matches
Jørgen Kili Fjeldskår\c7eda84c,no NOR,DF,Sandefjord,18,2002,0.1,0,0,0,,0,0,,,,0,0,Matches
Simen Kind Mikalsen\04370015,no NOR,DFMF,Lillestrøm,27,1993,0,0,0,0,,0,0,,,,0,0,Matches
Kosuke Kinoshita\2b42a1f1,jp JPN,FW,Stabæk,26,1994,6.6,1,13,4,30.8,1.96,0.6,0.08,0.25,,0,0,Matches
Eric Kitolano\9bdb6d1b,no NOR,MF,Tromsø,23,1997,26.3,4,37,15,40.5,1.41,0.57,0.11,0.27,,0,0,Matches
John Kitolano\e9312847,no NOR,DF,Odd,21,1999,25.8,0,9,0,0,0.35,0,0,,,0,0,Matches
Joshua Kitolano\5186dfbf,no NOR,MF,Odd,19,2001,27.2,2,23,2,8.7,0.85,0.07,0.09,1,,0,0,Matches
Kristoffer Klaesson\3f70db80,no NOR,GK,Vålerenga,20,2000,14,0,0,0,,0,0,,,,0,0,Matches
Herman Kleppa\9c8946a8,no NOR,DFMF,Mjøndalen,24,1996,8.3,0,2,1,50,0.24,0.12,0,0,,0,0,Matches
Magnus Knudsen\a48fb0c7,no NOR,MFFW,Lillestrøm,19,2001,11.2,0,14,4,28.6,1.25,0.36,0,0,,0,0,Matches
Erling Knudtzon\123dd5e2,no NOR,DFMF,Molde,32,1988,14.2,1,1,1,100,0.07,0.07,1,1,,0,0,Matches
Ibrahima Koné\04bb2b06,ml MLI,FW,Sarpsborg 08,21,1999,24.1,11,54,23,42.6,2.24,0.95,0.19,0.43,,1,1,Matches
Vegard Kongsro\59f87305,no NOR,DF,Bodø/Glimt,22,1998,0.6,0,1,0,0,1.76,0,0,,,0,0,Matches
Anders Konradsen\60fd5334,no NOR,MF,Rosenborg,30,1990,8.8,2,16,3,18.8,1.82,0.34,0.13,0.67,,0,0,Matches
Morten Konradsen\0f816ae5,no NOR,MFDF,Bodø/Glimt,24,1996,10.9,0,16,5,31.3,1.47,0.46,0,0,,0,0,Matches
Gilbert Koomson\e033cfb6,gh GHA,FWMF,Bodø/Glimt,26,1994,0.7,1,2,1,50,2.77,1.38,0.5,1,,0,0,Matches
Kaloyan Kostadinov\3b07f1ea,no NOR,MF,Stabæk,18,2002,10.4,0,7,1,14.3,0.67,0.1,0,0,,0,0,Matches
Kreshnik Krasniqi\03d254a7,xk KVX,MF,Strømsgodset,20,2000,9.8,1,14,6,42.9,1.43,0.61,0.07,0.17,,0,0,Matches
Martin Kreuzriegler\002ac0a2,at AUT,DF,Sandefjord,27,1994,25.6,1,14,6,42.9,0.55,0.23,0.07,0.17,,0,0,Matches
Ole Kristian Enersen\5c79edf4,no NOR,MF,Strømsgodset,18,2002,1.8,0,2,0,0,1.13,0,0,,,0,0,Matches
Anders Kristiansen\61dc42f4,no NOR,GK,Sarpsborg 08,30,1990,29.9,0,0,0,,0,0,,,,0,0,Matches
Ruben Kristiansen\4d6f8360,no NOR,DF,Brann,32,1988,24,1,3,2,66.7,0.13,0.08,0.33,0.5,,0,0,Matches
Lars Krogh Gerson\68eaf3e2,lu LUX,DF,Brann,30,1990,0.1,0,0,0,,0,0,,,,0,0,Matches
Fredrik Krogstad\090ff4ec,no NOR,MFFW,Lillestrøm,25,1995,7,1,7,3,42.9,1,0.43,0.14,0.33,,0,0,Matches
Kevin Krygård\7044bef8,no NOR,MF,Haugesund,20,2000,27.9,1,15,4,26.7,0.54,0.14,0.07,0.25,,0,0,Matches
Lagos Kunga\5a770480,us USA,FWMF,Kristiansund,22,1998,0.1,0,0,0,,0,0,,,,0,0,Matches
William Kurtovic\a78115ac,se SWE,MF,Sandefjord,24,1996,20.9,2,24,7,29.2,1.15,0.33,0.08,0.29,,0,0,Matches
Simen Kvia-Egeskog\63826865,no NOR,FW,Viking,17,2003,2.1,0,3,0,0,1.44,0,0,,,0,0,Matches
Sigurd Kvile\569ce58e,no NOR,DF,Bodø/Glimt,20,2000,4.7,0,3,0,0,0.63,0,0,,,0,0,Matches
Yann-Erik de Lanlay\42fe6b05,no NOR,FWMF,Viking,28,1992,11,1,20,3,15,1.82,0.27,0.05,0.33,,0,0,Matches
Heine Larsen\56a699c9,no NOR,MF,Viking,18,2002,0.1,0,0,0,,0,0,,,,0,0,Matches
Kristoffer Larsen\55043155,no NOR,FW,Odd,29,1992,6.8,1,9,3,33.3,1.32,0.44,0.11,0.33,,0,0,Matches
Tobias Lauritsen\d266f8c9,no NOR,FW,Odd,23,1997,18.1,8,71,33,46.5,3.91,1.82,0.11,0.24,,0,0,Matches
Amor Layouni\e9e41fd0,tn TUN,FW,Vålerenga,28,1992,23.7,3,45,19,42.2,1.9,0.8,0.07,0.16,,0,0,Matches
Thomas Lehne Olsen\9dc3585e,no NOR,FW,Lillestrøm,29,1991,28.1,26,110,49,44.5,3.92,1.74,0.21,0.47,,3,3,Matches
Ari Leifsson\c3e92b99,is ISL,DF,Strømsgodset,22,1998,16,1,9,2,22.2,0.56,0.13,0.11,0.5,,0,0,Matches
Bruno Leite\571f8b30,cv CPV,MF,Haugesund,25,1995,4.6,0,7,0,0,1.52,0,0,,,0,0,Matches
Magnus Lekven\b32bc8b3,no NOR,DFMF,Odd,33,1988,23.3,0,0,0,,0,0,,,,0,0,Matches
Steffen Lie Skålevik\3f1bfab6,no NOR,FW,Sarpsborg 08,28,1993,2.9,1,3,1,33.3,1.04,0.35,0.33,1,,0,0,Matches
Olav Lilleoren Veum\92327747,no NOR,DF,Stabæk,16,2004,0.4,0,0,0,,0,0,,,,0,0,Matches
Axel Lindahl\eee8bff2,se SWE,MF,Bodø/Glimt,25,1995,1.7,1,2,1,50,1.15,0.58,0.5,1,,0,0,Matches
Andreas Linde\4d6a842d,se SWE,GK,Molde,27,1993,25,0,0,0,,0,0,,,,0,0,Matches
Jonathan Lindseth\ca3a24de,no NOR,FWMF,Sarpsborg 08,24,1996,20.4,10,35,15,42.9,1.71,0.73,0.29,0.67,,0,0,Matches
Martin Linnes\0e100630,no NOR,DF,Molde,29,1991,9.1,0,10,3,30,1.1,0.33,0,0,,0,0,Matches
Sondre Liseth\8fef04c9,no NOR,MFFW,Haugesund,23,1997,25.5,5,34,11,32.4,1.33,0.43,0.15,0.45,,0,0,Matches
Marius Lode\37f341f0,no NOR,DF,Bodø/Glimt,27,1993,18.4,0,2,1,50,0.11,0.05,0,0,,0,0,Matches
Filip Loftesnes-Bjune\ea8507d2,no NOR,MF,Sandefjord,15,2005,0,0,0,0,,0,0,,,,0,0,Matches
Tortol Lumanza\925046bd,be BEL,MF,Stabæk,26,1994,2.5,0,0,0,,0,0,,,,0,0,Matches
Odin Lurås Bjørtuft\49399401,no NOR,DF,Odd,22,1998,27.1,0,12,4,33.3,0.44,0.15,0,0,,0,0,Matches
Idar Lysgård\9d40133e,no NOR,GK,Mjøndalen,26,1994,8,0,0,0,,0,0,,,,0,0,Matches
Kristoffer Løkberg\4e6fb569,no NOR,MF,Viking,29,1992,14.4,3,27,5,18.5,1.88,0.35,0.11,0.6,,0,0,Matches
Mikkel Maigaard\b123f11d,dk DEN,MF,Strømsgodset,25,1995,7.6,1,10,4,40,1.31,0.52,0.1,0.25,,0,0,Matches
Mikkel Maigaard\b123f11d,dk DEN,MF,Sarpsborg 08,25,1995,11.1,0,14,5,35.7,1.26,0.45,0,0,,0,0,Matches
Sosha Makani\1bd90d9f,ir IRN,GK,Mjøndalen,34,1986,22,0,0,0,,0,0,,,,0,0,Matches
Sivert Mannsverk\773e16b9,no NOR,MF,Molde,18,2002,11.7,0,7,2,28.6,0.6,0.17,0,0,,0,0,Matches
Lars Markmanrud\abb9e02a,no NOR,DF,Sandefjord,19,2001,0.9,0,0,0,,0,0,,,,0,0,Matches
Ole Martin Kolskogen\7c289e31,no NOR,DF,Brann,20,2001,19.7,0,3,1,33.3,0.15,0.05,0,0,,0,0,Matches
Ifeanyi Mathew\93ff27ca,ng NGA,MF,Lillestrøm,24,1997,29.3,2,40,9,22.5,1.36,0.31,0.05,0.22,,0,0,Matches
Ulrik Mathisen\4e32cf6d,no NOR,FWMF,Lillestrøm,22,1999,7.5,1,14,6,42.9,1.87,0.8,0.07,0.17,,0,0,Matches
Moses Mawa\2dd3f285,no NOR,FW,Kristiansund,24,1996,12.6,5,31,14,45.2,2.46,1.11,0.13,0.29,,1,1,Matches
Moses Mawa\2dd3f285,no NOR,FWMF,Strømsgodset,24,1996,7.4,1,14,7,50,1.89,0.94,0.07,0.14,,0,0,Matches
Sean McDermott\fc5c05cb,ie IRL,GK,Kristiansund,27,1993,29.6,0,0,0,,0,0,,,,0,0,Matches
Laurent Mendy\05f598e8,sn SEN,MF,Sarpsborg 08,19,2001,1.4,0,2,0,0,1.45,0,0,,,0,0,Matches
Prosper Mendy\54fc4967,fr FRA,DF,Strømsgodset,24,1996,4.6,0,6,1,16.7,1.31,0.22,0,0,,0,0,Matches
Ivan Mesík\7e054ee8,sk SVK,DF,Stabæk,19,2001,11.2,1,6,1,16.7,0.54,0.09,0.17,1,,0,0,Matches
Felix Michel\1621858d,lb LIB,MF,Sarpsborg 08,26,1994,0.4,0,1,0,0,2.73,0,0,,,0,0,Matches
August Mikkelsen\8f2fd783,no NOR,FW,Tromsø,20,2000,25.3,8,57,18,31.6,2.25,0.71,0.14,0.44,,0,0,Matches
Brede Moe\a55ba2f8,no NOR,DF,Bodø/Glimt,29,1991,21.8,2,8,3,37.5,0.37,0.14,0.25,0.67,,0,0,Matches
Jeppe Moe\4c70514e,no NOR,DFMF,Stabæk,25,1995,11.2,1,9,2,22.2,0.81,0.18,0.11,0.5,,0,0,Matches
Guillermo Molins\cda49f68,se SWE,FW,Sarpsborg 08,32,1988,1.4,0,3,0,0,2.08,0,0,,,0,0,Matches
Guillermo Molins\cda49f68,se SWE,FW,Rosenborg,32,1988,4.7,2,12,6,50,2.55,1.27,0.17,0.33,,0,0,Matches
Albin Mörfelt\885b817b,se SWE,FW,Vålerenga,21,2000,0.5,0,0,0,,0,0,,,,0,0,Matches
Faris Moumbagna\58aae0a9,cm CMR,FW,Kristiansund,20,2000,5.8,0,13,3,23.1,2.22,0.51,0,0,,0,0,Matches
Agon Mucolli\865c3f09,dk DEN,FWMF,Kristiansund,22,1998,15.5,4,49,22,44.9,3.16,1.42,0.08,0.18,,0,0,Matches
Joel Mugisha\0959184b,no NOR,FW,Bodø/Glimt,18,2002,1.2,0,3,0,0,2.6,0,0,,,0,0,Matches
Rashad Muhammed\29e33bf3,fr FRA,FW,Sarpsborg 08,27,1993,2.4,1,7,3,42.9,2.88,1.23,0.14,0.33,,0,0,Matches
Viljar Myhra\7e83921b,no NOR,GK,Strømsgodset,24,1996,26.3,0,0,0,,0,0,,,,0,0,Matches
Felix Myhre\cf8469d2,no NOR,DF,Vålerenga,21,1999,3.1,0,1,0,0,0.33,0,0,,,0,0,Matches
Felix Myhre\cf8469d2,no NOR,DF,Brann,21,1999,15,0,9,1,11.1,0.6,0.07,0,0,,0,0,Matches
David Møller Wolfe\9affc5f2,no NOR,DFMF,Brann,18,2002,8.9,1,5,2,40,0.56,0.22,0.2,0.5,,0,0,Matches
Markus Nakkim\0e12671e,no NOR,DF,Mjøndalen,24,1996,29,3,25,7,28,0.86,0.24,0.12,0.43,,0,1,Matches
Ivan Näsberg\6e945f87,no NOR,DF,Vålerenga,24,1996,24.3,0,4,1,25,0.16,0.04,0,0,,0,0,Matches
Torje Naustdal\4972a771,no NOR,MF,Haugesund,20,2000,3.7,0,1,1,100,0.27,0.27,0,0,,0,0,Matches
Alioune Ndour\6e3c43c9,sn SEN,FWMF,Haugesund,23,1997,11.3,7,45,14,31.1,3.99,1.24,0.16,0.5,,0,0,Matches
Lasse Nilsen\c58c2194,no NOR,MFDF,Tromsø,25,1995,12.5,0,4,1,25,0.32,0.08,0,0,,0,0,Matches
Simen Nilsen\65ee03f3,no NOR,GK,Sarpsborg 08,20,2000,0.1,0,0,0,,0,0,,,,0,0,Matches
Moussa Njie\b7520ab1,no NOR,FW,Sandefjord,25,1995,2.6,0,2,0,0,0.77,0,0,,,0,0,Matches
Lasse Nordås\71e1b938,no NOR,FW,Bodø/Glimt,18,2002,3.9,2,13,3,23.1,3.31,0.76,0.15,0.67,,0,0,Matches
Runar Norheim\f20b5af8,no NOR,MF,Tromsø,15,2005,0.2,0,0,0,,0,0,,,,0,0,Matches
Kristoffer Normann Hansen\92a57cd6,no NOR,FW,Sandefjord,26,1994,23.2,7,66,27,40.9,2.85,1.17,0.11,0.26,,0,0,Matches
Antonio Nusa\4ab12002,no NOR,FW,Stabæk,15,2005,6.3,3,11,7,63.6,1.75,1.12,0.27,0.43,,0,0,Matches
Franklin Nyenetue\bd8df7cf,no NOR,FW,Sandefjord,20,2000,7.7,0,10,2,20,1.29,0.26,0,0,,0,0,Matches
Andreas Nyhagen\4c5d4052,no NOR,DF,Strømsgodset,22,1998,0.3,0,0,0,,0,0,,,,0,0,Matches
Erik Næsbak Brenden\6c22a354,no NOR,MF,Sandefjord,27,1994,10.9,3,22,6,27.3,2.01,0.55,0.14,0.5,,0,0,Matches
Nicolai Næss\54d629b3,no NOR,MFDF,Sarpsborg 08,28,1993,19.6,0,22,3,13.6,1.12,0.15,0,0,,0,0,Matches
Mohamed Ofkir\070f654b,no NOR,FW,Sarpsborg 08,24,1996,3.3,0,11,2,18.2,3.31,0.6,0,0,,0,0,Matches
Lars Olden Larsen\9e4df3ba,no NOR,FWMF,Mjøndalen,22,1998,23,8,41,23,56.1,1.79,1,0.2,0.35,,0,0,Matches
Fredrik Oldrup Jensen\33521c27,no NOR,MF,Vålerenga,27,1993,30,2,20,6,30,0.67,0.2,0.1,0.33,,0,0,Matches
Joackim Olsen Solberg\a71b5e73,no NOR,DFMF,Mjøndalen,31,1989,13.3,0,9,1,11.1,0.68,0.08,0,0,,0,0,Matches
Ohi Omoijuanfo\9d115f7a,no NOR,FW,Molde,27,1994,26.2,27,98,51,52,3.74,1.95,0.28,0.53,,0,2,Matches
Zden?k Ondrášek\8d120526,cz CZE,FW,Tromsø,32,1988,4.8,1,15,5,33.3,3.13,1.04,0.07,0.2,,0,0,Matches
Håkon Opdal\7ab0b730,no NOR,GK,Brann,38,1982,12,0,0,0,,0,0,,,,0,0,Matches
Sakarias Opsahl\414ffde8,no NOR,MF,Vålerenga,21,1999,0.2,0,0,0,,0,0,,,,0,0,Matches
Sakarias Opsahl\414ffde8,no NOR,MF,Tromsø,21,1999,13.2,0,16,5,31.3,1.21,0.38,0,0,,0,0,Matches
Amer Ordagi?\216696a4,ba BIH,MF,Sandefjord,27,1993,12,0,14,5,35.7,1.16,0.42,0,0,,0,0,Matches
Adam Örn Arnarson\f46c154c,is ISL,MF,Tromsø,25,1995,5.9,1,4,2,50,0.68,0.34,0.25,0.5,,0,0,Matches
Hólmar Örn Eyjólfsson\6e754273,is ISL,DF,Rosenborg,30,1990,16,2,13,4,30.8,0.81,0.25,0.15,0.5,,0,0,Matches
Viðar Örn Kjartansson\348e0505,is ISL,FW,Vålerenga,30,1990,14.5,5,37,13,35.1,2.55,0.9,0.14,0.38,,0,0,Matches
Sturla Ottesen\6a036a64,no NOR,DFMF,Stabæk,19,2001,29,1,12,3,25,0.41,0.1,0.08,0.33,,0,0,Matches
Salomon Owusu\3dbb4356,gh GHA,DF,Odd,25,1995,10,1,1,1,100,0.1,0.1,1,1,,0,0,Matches
Fredrik Pallesen Knudsen\3a4c9e5c,no NOR,DF,Brann,24,1996,9.9,1,7,2,28.6,0.7,0.2,0.14,0.5,,0,0,Matches
Fredrik Pallesen Knudsen\3a4c9e5c,no NOR,DF,Haugesund,24,1996,4.4,0,2,0,0,0.45,0,0,,,0,0,Matches
Emil Pálsson\3897de73,is ISL,MF,Sarpsborg 08,27,1993,6.5,0,4,0,0,0.62,0,0,,,0,0,Matches
Jonathan Parr\62110c96,no NOR,DF,Strømsgodset,32,1988,13.4,0,9,1,11.1,0.67,0.07,0,0,,0,0,Matches
Shayne Pattynama\a9acaa6b,nl NED,DFMF,Viking,22,1998,10,2,12,4,33.3,1.2,0.4,0.17,0.5,,0,0,Matches
Kristoffer Paulsen\2971e75f,no NOR,DF,Viking,17,2004,0,0,0,0,,0,0,,,,0,0,Matches
Kasper Pedersen\debeeea1,dk DEN,DF,Stabæk,28,1993,8.3,0,0,0,,0,0,,,,0,0,Matches
Marcus Pedersen\596cc50e,no NOR,DF,Molde,20,2000,5.3,0,0,0,,0,0,,,,0,0,Matches
Thore Pedersen\c4941340,no NOR,DF,Haugesund,24,1996,24.5,0,2,1,50,0.08,0.04,0,0,,0,0,Matches
Amahl Pellegrino\9d9e69df,no NOR,FW,Bodø/Glimt,30,1990,13,6,38,16,42.1,2.91,1.23,0.13,0.31,,1,1,Matches
Adrian Pereira\1c62f712,no NOR,DF,Rosenborg,21,1999,0.6,0,0,0,,0,0,,,,0,0,Matches
Pernambucor\ec61b68f,br BRA,MF,Bodø/Glimt,22,1998,1.4,0,10,3,30,7.32,2.2,0,0,,0,0,Matches
Dan Peter Ulvestad\f118d91f,no NOR,DF,Kristiansund,31,1989,18.7,1,9,3,33.3,0.48,0.16,0.11,0.33,,0,0,Matches
Oliver Petersen\17c602ca,no NOR,GK,Molde,19,2001,5,0,0,0,,0,0,,,,0,0,Matches
Tom Pettersson\c1268aa3,se SWE,DF,Lillestrøm,30,1990,16.1,3,6,4,66.7,0.37,0.25,0.5,0.75,,0,0,Matches
Nicolas Pignatel Jenssen\1512bdc2,no NOR,DF,Stabæk,19,2002,23.2,0,7,2,28.6,0.3,0.09,0,0,,0,0,Matches
Tomás Podstawski\991a28c4,pt POR,MF,Stabæk,26,1995,6.3,0,5,1,20,0.79,0.16,0,0,,0,0,Matches
Christophe Psyché\282a91fb,fr FRA,DF,Tromsø,32,1988,12.4,0,7,1,14.3,0.56,0.08,0,0,,0,0,Matches
Lars Ranger\73ed5e65,no NOR,MFDF,Lillestrøm,21,1999,20.7,2,31,8,25.8,1.5,0.39,0.06,0.25,,0,0,Matches
Mathias Rasmussen\99549c4b,no NOR,MF,Brann,23,1997,21.6,2,48,13,27.1,2.23,0.6,0.04,0.15,,0,0,Matches
Magnus Riisnæs\f5f2a449,no NOR,MF,Vålerenga,16,2004,0,0,0,0,,0,0,,,,0,0,Matches
Birk Risa\c70b221c,no NOR,DF,Molde,22,1998,11.9,2,8,3,37.5,0.67,0.25,0.25,0.67,,0,0,Matches
Sander Risan Mørk\768cfef9,no NOR,MF,Sandefjord,20,2000,12.1,2,15,8,53.3,1.24,0.66,0.13,0.25,,0,0,Matches
Jesper Robertsen\4e8a0f26,no NOR,MF,Tromsø,16,2004,0.3,0,0,0,,0,0,,,,0,0,Matches
Stian Rode Gregersen\5f011e05,no NOR,DF,Molde,25,1995,11,1,5,2,40,0.46,0.18,0.2,0.5,,0,0,Matches
Gilli Rólantsson\865306d1,fo FRO,DFFW,Odd,28,1992,18.5,1,14,2,14.3,0.76,0.11,0.07,0.5,,0,0,Matches
Sondre Rossbach\a32554bc,no NOR,GK,Odd,24,1996,17,0,0,0,,0,0,,,,0,0,Matches
Joachim Rothmann\61f0d968,dk DEN,FW,Tromsø,20,2000,1.2,0,3,0,0,2.57,0,0,,,0,0,Matches
Alexander Ruud Tveter\2eb7eb41,no NOR,FW,Sandefjord,29,1991,26.6,6,43,20,46.5,1.62,0.75,0.14,0.3,,0,0,Matches
Espen Ruud\ca1efb13,no NOR,DF,Odd,36,1984,19.2,2,14,6,42.9,0.73,0.31,0.14,0.33,,0,0,Matches
Martin Rønning Ovenstad\52dea9c3,no NOR,FW,Mjøndalen,26,1994,22,3,40,17,42.5,1.82,0.77,0.08,0.18,,0,0,Matches
Look Saa Mickelson\d5088b9a,no NOR,DF,Strømsgodset,21,1999,0.8,0,1,0,0,1.32,0,0,,,0,0,Matches
Uche Sabastine\28c596a3,ng NGA,FW,Stabæk,20,2000,0.6,0,0,0,,0,0,,,,0,0,Matches
Osame Sahraoui\6f9fa232,no NOR,MFFW,Vålerenga,19,2001,24.3,2,50,10,20,2.06,0.41,0.04,0.2,,0,0,Matches
Vajebah Sakor\14813a41,no NOR,MF,Brann,24,1996,1.1,0,2,0,0,1.75,0,0,,,0,0,Matches
Anton Salétros\3da8c3f9,se SWE,MFFW,Sarpsborg 08,24,1996,24.8,3,39,13,33.3,1.57,0.52,0.08,0.23,,0,0,Matches
Ulrik Saltnes\f6af14b0,no NOR,MF,Bodø/Glimt,28,1992,22,8,58,23,39.7,2.64,1.05,0.14,0.35,,0,0,Matches
Alfons Sampsted\5d873dfb,is ISL,DF,Bodø/Glimt,22,1998,28.3,0,10,2,20,0.35,0.07,0,0,,0,0,Matches
Martin Samuelsen\746df5d3,no NOR,FWMF,Haugesund,23,1997,7.7,2,17,6,35.3,2.2,0.77,0.12,0.33,,0,0,Matches
Marcus Sandberg\308d850e,se SWE,GK,Stabæk,30,1990,28.5,0,0,0,,0,0,,,,0,0,Matches
Niklas Sandberg\62a90cfb,no NOR,MFFW,Haugesund,25,1995,24.4,3,42,16,38.1,1.72,0.65,0.05,0.13,,1,1,Matches
Mads Sande\d3c59d4e,no NOR,MF,Haugesund,22,1998,4.3,1,5,2,40,1.16,0.46,0.2,0.5,,0,0,Matches
Edvard Sandvik Tagseth\215918bf,no NOR,MF,Rosenborg,20,2001,13.6,1,16,5,31.3,1.18,0.37,0.06,0.2,,0,0,Matches
Vieux Sané\b77ca4a0,sn SEN,DF,Brann,31,1989,1.6,0,0,0,,0,0,,,,0,0,Matches
Alfred Scriven\e1c77b42,no NOR,FW,Mjøndalen,23,1998,0.3,0,0,0,,0,0,,,,0,0,Matches
Sebastian Sebulonsen\d62063b7,no NOR,DF,Mjøndalen,21,2000,2.8,0,1,0,0,0.35,0,0,,,0,0,Matches
Sebastian Sebulonsen\d62063b7,no NOR,DF,Viking,21,2000,19.9,3,21,5,23.8,1.06,0.25,0.14,0.6,,0,0,Matches
William Sell\c9499170,no NOR,DF,Mjøndalen,22,1998,6.9,0,4,0,0,0.58,0,0,,,0,0,Matches
Egil Selvik\05d89c1c,no NOR,GK,Haugesund,23,1997,29,0,0,0,,0,0,,,,0,0,Matches
Besim Šerbe?i?\5384e3bf,ba BIH,DF,Rosenborg,22,1998,7,1,4,1,25,0.57,0.14,0.25,1,,0,0,Matches
Japhet Sery\03e7a498,dk DEN,DF,Brann,20,2000,6.7,1,3,2,66.7,0.45,0.3,0.33,0.5,,0,0,Matches
Herolind Shala\efe260a3,xk KVX,MF,Stabæk,28,1992,7.4,0,9,3,33.3,1.22,0.41,0,0,,0,0,Matches
Björn Sigurðarson\bb79b58f,is ISL,FW,Molde,29,1991,0.2,0,0,0,,0,0,,,,0,0,Matches
Oskar Siira Sivertsen\d50829e9,no NOR,FW,Kristiansund,16,2004,0.6,1,3,1,33.3,5.4,1.8,0.33,1,,0,0,Matches
Moonga Simba\651ebf75,se SWE,FW,Brann,20,2000,9.2,1,22,5,22.7,2.39,0.54,0.05,0.2,,0,0,Matches
Brinder Singh\fef999e9,no NOR,FW,Mjøndalen,18,2002,0.2,0,0,0,,0,0,,,,0,0,Matches
Harmeet Singh\aae023c4,no NOR,MF,Sandefjord,30,1990,19.1,0,16,1,6.3,0.84,0.05,0,0,,0,0,Matches
Sheriff Sinyan\47c1458c,gm GAM,DF,Molde,24,1996,22.3,3,16,4,25,0.72,0.18,0.19,0.75,,0,0,Matches
Erlend Sivertsen\4de8f23f,no NOR,DF,Kristiansund,30,1991,6.4,0,5,2,40,0.78,0.31,0,0,,0,0,Matches
Fredrik Sjølstad\ce22ca27,no NOR,MF,Molde,26,1994,1.4,0,1,1,100,0.71,0.71,0,0,,0,0,Matches
Kasper Skaanes\b40f8e4a,no NOR,MFFW,Brann,25,1995,13.7,1,19,5,26.3,1.39,0.37,0.05,0.2,,0,0,Matches
Syver Skaar Eriksen\8ddfcf44,no NOR,DF,Mjøndalen,19,2001,11.3,2,5,2,40,0.44,0.18,0.4,1,,0,0,Matches
Brage Skaret\5a349949,no NOR,DF,Vålerenga,18,2002,5.6,0,2,0,0,0.36,0,0,,,0,0,Matches
Olaus Skarsem\2c8c6968,no NOR,MFFW,Rosenborg,22,1998,7.7,1,11,4,36.4,1.43,0.52,0.09,0.25,,0,0,Matches
Olaus Skarsem\2c8c6968,no NOR,MF,Kristiansund,22,1998,8.9,0,12,4,33.3,1.35,0.45,0,0,,0,0,Matches
Knut-André Skjærstein\4b06552b,no NOR,GK,Lillestrøm,25,1995,4,0,0,0,,0,0,,,,0,0,Matches
Henrik Skogvold\8353e96a,no NOR,MF,Lillestrøm,16,2004,0.2,0,1,1,100,4.09,4.09,0,0,,0,0,Matches
Sammy Skytte\e37b182d,dk DEN,MF,Stabæk,23,1997,12.1,2,11,6,54.5,0.91,0.5,0.09,0.17,,1,2,Matches
Ian Smeulers\732e0da3,nl NED,DF,Sandefjord,21,2000,10.8,0,2,0,0,0.19,0,0,,,0,0,Matches
Eskil Smidesang Edh\e3372668,no NOR,MF,Lillestrøm,18,2002,14.9,1,6,2,33.3,0.4,0.13,0.17,0.5,,0,0,Matches
Joshua Smits\c91698ae,nl NED,GK,Bodø/Glimt,28,1992,1,0,0,0,,0,0,,,,0,0,Matches
Markus Solbakken\fe0f9f6a,no NOR,MF,Stabæk,20,2000,19.5,1,9,2,22.2,0.46,0.1,0.11,0.5,,0,0,Matches
Ola Solbakken\78f13530,no NOR,FW,Bodø/Glimt,22,1998,24.7,6,40,13,32.5,1.62,0.53,0.13,0.38,,1,1,Matches
Mats Solheim\6fcefbad,no NOR,DF,Stabæk,33,1987,7.5,0,4,3,75,0.54,0.4,0,0,,0,0,Matches
Joachim Soltvedt\e1453b38,no NOR,MFFW,Sarpsborg 08,25,1995,6.8,0,8,2,25,1.17,0.29,0,0,,0,0,Matches
Albin Sporrong\eac3ef06,se SWE,MF,Mjøndalen,21,1999,6.8,1,8,3,37.5,1.17,0.44,0.13,0.33,,0,0,Matches
Erik Stavas Skistad\cb538f64,no NOR,MF,Mjøndalen,19,2001,6.7,0,4,0,0,0.6,0,0,,,0,0,Matches
Halldor Stenevik\d1593f05,no NOR,MFFW,Strømsgodset,20,2000,26.8,2,25,8,32,0.93,0.3,0.08,0.25,,0,0,Matches
Herman Stengel\00608940,no NOR,MF,Strømsgodset,25,1995,28.4,6,28,14,50,0.98,0.49,0.11,0.21,,3,3,Matches
Gianni Stensness\b9549894,au AUS,DF,Viking,21,1999,13.1,1,16,6,37.5,1.22,0.46,0.06,0.17,,0,0,Matches
Benjamin Stokke\6bce4a7f,no NOR,FW,Mjøndalen,30,1990,18.7,4,25,8,32,1.33,0.43,0.12,0.38,,1,1,Matches
Frank Stople\33d86563,no NOR,GK,Haugesund,18,2002,1,0,0,0,,0,0,,,,0,0,Matches
Jacob Storevik\84088e33,no NOR,GK,Sandefjord,24,1996,30,0,0,0,,0,0,,,,0,0,Matches
Snorre Strand Nilsen\c38489c4,no NOR,DF,Kristiansund,24,1997,26.5,6,15,10,66.7,0.57,0.38,0.4,0.6,,0,0,Matches
Petter Strand\c26e60c2,no NOR,MFDF,Brann,26,1994,25.6,1,60,15,25,2.34,0.59,0.02,0.07,,0,1,Matches
Alexander Stølås\3a8a4db8,no NOR,DF,Haugesund,31,1989,12.8,2,6,2,33.3,0.47,0.16,0.33,1,,0,0,Matches
Sander Svendsen\da60fd2a,no NOR,FWMF,Odd,23,1997,24.2,8,62,19,30.6,2.56,0.79,0.13,0.42,,0,0,Matches
Tobias Svendsen\c2a35241,no NOR,FWMF,Lillestrøm,21,1999,8.5,0,13,5,38.5,1.53,0.59,0,0,,0,0,Matches
Morten Sætra\4399d444,no NOR,GK,Strømsgodset,23,1997,3.7,0,1,0,0,0.27,0,0,,,0,0,Matches
Alexander Søderlund\e61d33f1,no NOR,FW,Haugesund,33,1987,6.9,4,15,9,60,2.16,1.3,0.27,0.44,,0,0,Matches
André Sødlund\a0bdd879,no NOR,MFFW,Sandefjord,24,1996,5.5,0,8,3,37.5,1.45,0.54,0,0,,0,1,Matches
Sondre Sørli\c2dadbf3,no NOR,FW,Bodø/Glimt,25,1995,9.2,3,20,8,40,2.18,0.87,0.15,0.38,,0,0,Matches
Bent Sørmo\e19b566b,no NOR,DF,Kristiansund,24,1996,4.3,0,1,1,100,0.23,0.23,0,0,,0,0,Matches
Harald Tangen\550f5516,no NOR,MF,Viking,20,2001,22.1,5,29,13,44.8,1.31,0.59,0.17,0.38,,0,0,Matches
Robert Taylor\1fc0973f,fi FIN,FWMF,Brann,26,1994,24.9,6,80,35,43.8,3.22,1.41,0.06,0.14,,1,3,Matches
Duplexe Tchamba\75926036,cm CMR,DF,Strømsgodset,22,1998,2.1,1,3,1,33.3,1.43,0.48,0.33,1,,0,0,Matches
Alexander Tettey\75566759,no NOR,MFDF,Rosenborg,34,1986,5.2,0,7,0,0,1.34,0,0,,,0,0,Matches
Peter Therkildsen\36f9e534,dk DEN,MF,Haugesund,22,1998,28.4,2,26,11,42.3,0.91,0.39,0.08,0.18,,0,0,Matches
Odin Thiago Holm\0355010f,no NOR,MF,Vålerenga,18,2003,9.4,3,14,6,42.9,1.49,0.64,0.21,0.5,,0,0,Matches
Joachim Thomassen\ebc06041,no NOR,MF,Sarpsborg 08,32,1988,26.4,3,17,8,47.1,0.64,0.3,0.18,0.38,,0,0,Matches
Nicolaj Thomsen\e2bf2abc,dk DEN,DF,Vålerenga,27,1993,2.8,1,6,3,50,2.18,1.09,0.17,0.33,,0,0,Matches
Mathias Tjoland\e2d36b1b,no NOR,MF,Haugesund,16,2004,0,0,0,0,,0,0,,,,0,0,Matches
Kristoffer Tokstad\00337474,no NOR,MFFW,Strømsgodset,29,1991,6.4,3,14,5,35.7,2.18,0.78,0.21,0.6,,0,0,Matches
Jonatan Tollås\e8994bec,no NOR,DF,Vålerenga,30,1990,27.5,3,8,5,62.5,0.29,0.18,0.38,0.6,,0,0,Matches
Kristian Torgersen\58265b65,no NOR,MF,Stabæk,17,2003,5.2,0,1,0,0,0.19,0,0,,,0,0,Matches
Fredrik Torsteinbø\49e9ac62,no NOR,MFFW,Viking,29,1991,9.5,0,10,1,10,1.05,0.1,0,0,,0,0,Matches
Tomas Totland\8bb174fc,no NOR,MF,Tromsø,22,1998,26.6,5,25,12,48,0.94,0.45,0.2,0.42,,0,0,Matches
Sebastian Tounekti\584fee1f,tn TUN,FW,Bodø/Glimt,18,2002,0.8,0,1,1,100,1.3,1.3,0,0,,0,0,Matches
Mai Traore\d5f32f5e,cg CGO,FW,Viking,21,1999,2.8,0,3,1,33.3,1.07,0.36,0,0,,0,0,Matches
Zlatko Tripi?\f6d4b6b2,no NOR,FWMF,Viking,28,1992,20.1,7,61,21,34.4,3.03,1.04,0.1,0.29,,1,1,Matches
Jon-Helge Tveita\b7705481,no NOR,MFDF,Brann,29,1992,2.7,1,6,3,50,2.25,1.13,0.17,0.33,,0,0,Matches
Isaac Twum\760f3c1b,gh GHA,MF,Mjøndalen,,,19.6,1,25,8,32,1.28,0.41,0.04,0.13,,0,0,Matches
Henrik Udahl\bd5d1d10,no NOR,FW,Vålerenga,24,1997,12.9,6,32,13,40.6,2.49,1.01,0.19,0.46,,0,0,Matches
Eirik Ulland Andersen\5f06ae82,no NOR,MF,Molde,28,1992,15.5,6,43,15,34.9,2.78,0.97,0.14,0.4,,0,0,Matches
Joakim Våge Nilsen\14d4c059,no NOR,DFMF,Haugesund,29,1991,0,0,0,0,,0,0,,,,0,0,Matches
Pavle Vagi?\8f906c5f,se SWE,DFMF,Rosenborg,21,2000,8.4,0,0,0,,0,0,,,,0,0,Matches
Marc Vales\3ac2d87f,ad AND,DF,Sandefjord,30,1990,12.1,1,4,2,50,0.33,0.17,0.25,0.5,,0,0,Matches
Enric Vallès\1d9c1eca,es ESP,MF,Sandefjord,30,1990,4,0,4,1,25,0.99,0.25,0,0,,0,0,Matches
Gustav Valsvik\482e9289,no NOR,DF,Strømsgodset,27,1993,28.8,3,26,14,53.8,0.9,0.49,0.12,0.21,,0,0,Matches
Stefano Vecchia\023a32ea,se SWE,FWMF,Rosenborg,26,1995,13.9,11,41,20,48.8,2.95,1.44,0.24,0.5,,1,1,Matches
Deyver Vega\29c0b088,cr CRC,FW,Sandefjord,28,1992,2.3,0,7,1,14.3,2.99,0.43,0,0,,0,0,Matches
Kristoffer Velde\c5c1627c,no NOR,MFFW,Haugesund,21,1999,26.6,7,68,27,39.7,2.56,1.02,0.09,0.22,,1,1,Matches
Niklas Vesterlund\3829be9f,dk DEN,MFDF,Tromsø,21,1999,15.2,2,8,6,75,0.53,0.39,0.25,0.33,,0,0,Matches
Hugo Vetlesen\aa982b0f,no NOR,MFFW,Bodø/Glimt,20,2000,13,5,35,13,37.1,2.69,1,0.14,0.38,,0,0,Matches
Viljar Vevatne\fc5656a1,no NOR,DF,Viking,26,1994,24.7,1,18,3,16.7,0.73,0.12,0.06,0.33,,0,0,Matches
Lars-Christopher Vilsvik\35a43937,no NOR,DF,Strømsgodset,32,1988,25.1,1,14,2,14.3,0.56,0.08,0.07,0.5,,0,0,Matches
Ibrahima Wadji\c844f6f9,sn SEN,FW,Haugesund,25,1995,10,8,36,18,50,3.6,1.8,0.22,0.44,,0,0,Matches
Leopold Wahlstedt\9b26a433,se SWE,GK,Odd,21,1999,13,0,0,0,,0,0,,,,0,0,Matches
Conrad Wallem\443a4bb2,no NOR,FWMF,Odd,20,2000,17.1,3,28,12,42.9,1.64,0.7,0.11,0.25,,0,0,Matches
Nikolas Walstad\7a877b93,no NOR,DFMF,Mjøndalen,23,1997,25.1,2,15,5,33.3,0.6,0.2,0.13,0.4,,0,0,Matches
Simen Wangberg\8e9d6ae8,no NOR,DF,Stabæk,29,1991,21.2,3,16,8,50,0.76,0.38,0.19,0.38,,0,0,Matches
Brice Wembangomo\c1851bfd,no NOR,DF,Sandefjord,24,1996,21.5,0,13,5,38.5,0.6,0.23,0,0,,0,0,Matches
Victor Wernersson\0b4921f3,se SWE,DFMF,Stabæk,25,1995,10.1,0,7,2,28.6,0.69,0.2,0,0,,0,0,Matches
Eirik Wichne\aed60196,no NOR,MF,Sarpsborg 08,23,1997,18.8,1,14,5,35.7,0.75,0.27,0.07,0.2,,0,0,Matches
Rasmus Wiedesheim\e23db68b,se SWE,FW,Rosenborg,21,1999,5.6,4,14,6,42.9,2.48,1.06,0.29,0.67,,0,0,Matches
Max Williamsen\a30f80de,no NOR,MFDF,Kristiansund,17,2003,2.8,0,0,0,,0,0,,,,0,0,Matches
Felix Winther\95857afb,dk DEN,MFFW,Tromsø,20,2000,4.4,0,5,2,40,1.13,0.45,0,0,,0,0,Matches
Magnus Wolff Eikrem\3a770838,no NOR,MF,Molde,30,1990,17.9,5,43,19,44.2,2.4,1.06,0.12,0.26,,0,0,Matches
Ruben Yttergård Jenssen\62e0b5c2,no NOR,MF,Tromsø,32,1988,29,0,24,6,25,0.83,0.21,0,0,,0,0,Matches
Kristoffer Zachariassen\47dbe004,no NOR,MFFW,Rosenborg,26,1994,12,8,29,13,44.8,2.42,1.08,0.28,0.62,,0,0,Matches
Rafik Zekhnini\1b62a7df,no NOR,MF,Molde,23,1998,5.9,0,12,0,0,2.03,0,0,,,0,0,Matches
Leonard Zuta\248be14f,mk MKD,DF,Vålerenga,28,1992,15.9,1,11,4,36.4,0.69,0.25,0.09,0.25,,0,0,Matches
Magnar Ødegaard\4fb49fb1,no NOR,DFMF,Sarpsborg 08,27,1993,23.9,0,9,1,11.1,0.38,0.04,0,0,,0,0,Matches
Arild Østbø\30263816,no NOR,GK,Viking,29,1991,13.8,0,0,0,,0,0,,,,0,0,Matches
Sivert Øverby\7edb0618,no NOR,DF,Mjøndalen,21,1999,2,0,0,0,,0,0,,,,0,0,Matches
Torgil Øwre Gjertsen\a8e53a43,no NOR,FWMF,Kristiansund,28,1992,21.2,6,37,20,54.1,1.75,0.94,0.16,0.3,,0,0,Matches
Casper Øyvann\12dfd92a,no NOR,DF,Tromsø,21,1999,9,0,2,0,0,0.22,0,0,,,0,0,Matches
Valdimar Þór Ingimundarson\608f77ea,is ISL,MFFW,Strømsgodset,21,1999,4.5,0,5,2,40,1.11,0.44,0,0,,0,0,Matches
